season,team_code,team,player_id,player,games_appeared,innings,earned_runs,era,whip,strikeouts,source_url,as_of,updated_at
2023,KIA,KIA,77637,양현종,29,171,68,3.58,1.34,133,https://www.koreabaseball.com/Record/Player/PitcherDetail/Basic.aspx?playerId=77637,2026-10-01,2026-10-01T14:11:43+09:00
2023,KIA,KIA,51648,이의리,28,131.6667,58,3.96,1.49,156,https://www.koreabaseball.com/Record/Player/PitcherDetail/Basic.aspx?playerId=51648,2026-10-01,2026-10-01T14:11:43+09:00
2023,KIA,KIA,53613,윤영철,25,122.6667,55,4.04,1.40,74,https://www.koreabaseball.com/Record/Player/PitcherDetail/Basic.aspx?playerId=53613,2026-10-01,2026-10-01T14:11:43+09:00
2023,SAMSUNG,삼성,50404,뷰캐넌,30,188,53,2.54,1.15,139,https://www.koreabaseball.com/Record/Retire/Pitcher.aspx?playerId=50404,2026-10-01,2026-10-01T14:11:43+09:00
2023,SAMSUNG,삼성,69446,원태인,26,150,54,3.24,1.27,102,https://www.koreabaseball.com/Record/Player/PitcherDetail/Basic.aspx?playerId=69446,2026-10-01,2026-10-01T14:11:43+09:00
2023,SAMSUNG,삼성,53927,와이드너,21,115,58,4.54,1.32,99,https://www.koreabaseball.com/Record/Retire/Pitcher.aspx?playerId=53927,2026-10-01,2026-10-01T14:11:43+09:00
2023,LG,LG,69103,켈리,30,178.6667,76,3.83,1.24,129,https://www.koreabaseball.com/Record/Retire/Pitcher.aspx?playerId=69103,2026-10-01,2026-10-01T14:11:43+09:00
2023,LG,LG,65320,최원태,26,146.6667,70,4.30,1.33,118,https://www.koreabaseball.com/Record/Player/PitcherDetail/Basic.aspx?playerId=65320,2026-10-01,2026-10-01T14:11:43+09:00
2023,LG,LG,61101,임찬규,30,144.6667,55,3.42,1.35,103,https://www.koreabaseball.com/Record/Player/PitcherDetail/Basic.aspx?playerId=61101,2026-10-01,2026-10-01T14:11:43+09:00
2023,DOOSAN,두산,69045,알칸타라,31,192,57,2.67,1.07,162,https://www.koreabaseball.com/Record/Player/PitcherDetail/Basic.aspx?playerId=69045,2026-10-01,2026-10-01T14:11:43+09:00
2023,DOOSAN,두산,68220,곽빈,23,127.3333,41,2.90,1.21,106,https://www.koreabaseball.com/Record/Player/PitcherDetail/Basic.aspx?playerId=68220,2026-10-01,2026-10-01T14:11:43+09:00
2023,DOOSAN,두산,51264,최승용,34,111,49,3.97,1.35,82,https://www.koreabaseball.com/Record/Player/PitcherDetail/Basic.aspx?playerId=51264,2026-10-01,2026-10-01T14:11:43+09:00
2023,SSG,SSG,77829,김광현,30,168.3333,66,3.53,1.38,119,https://www.koreabaseball.com/Record/Player/PitcherDetail/Basic.aspx?playerId=77829,2026-10-01,2026-10-01T14:11:43+09:00
2023,SSG,SSG,50859,오원석,28,144.6667,84,5.23,1.57,88,https://www.koreabaseball.com/Record/Player/PitcherDetail/Basic.aspx?playerId=50859,2026-10-01,2026-10-01T14:11:43+09:00
2023,SSG,SSG,53825,엘리아스,22,131.3333,54,3.70,1.32,93,https://www.koreabaseball.com/Record/Retire/Pitcher.aspx?playerId=53825,2026-10-01,2026-10-01T14:11:43+09:00
2023,KT,KT,64001,고영표,28,174.6667,54,2.78,1.15,114,https://www.koreabaseball.com/Record/Player/PitcherDetail/Basic.aspx?playerId=64001,2026-10-01,2026-10-01T14:11:43+09:00
2023,KT,KT,52043,벤자민,29,160,63,3.54,1.21,157,https://www.koreabaseball.com/Record/Player/PitcherDetail/Basic.aspx?playerId=52043,2026-10-01,2026-10-01T14:11:43+09:00
2023,KT,KT,65516,배제성,26,130.3333,65,4.49,1.70,79,https://www.koreabaseball.com/Record/Player/PitcherDetail/Basic.aspx?playerId=65516,2026-10-01,2026-10-01T14:11:43+09:00
2023,LOTTE,롯데,52528,반즈,30,170.3333,62,3.28,1.33,147,https://www.koreabaseball.com/Record/Retire/Pitcher.aspx?playerId=52528,2026-10-01,2026-10-01T14:11:43+09:00
2023,LOTTE,롯데,64021,박세웅,27,154,59,3.45,1.32,129,https://www.koreabaseball.com/Record/Player/PitcherDetail/Basic.aspx?playerId=64021,2026-10-01,2026-10-01T14:11:43+09:00
2023,LOTTE,롯데,67539,나균안,23,130.3333,55,3.80,1.40,114,https://www.koreabaseball.com/Record/Player/PitcherDetail/Basic.aspx?playerId=67539,2026-10-01,2026-10-01T14:11:43+09:00
2023,HANWHA,한화,52720,페냐,32,177.3333,71,3.60,1.17,147,https://www.koreabaseball.com/Record/Retire/Pitcher.aspx?playerId=52720,2026-10-01,2026-10-01T14:11:43+09:00
2023,HANWHA,한화,53714,산체스,24,126,53,3.79,1.30,99,https://www.koreabaseball.com/Record/Retire/Pitcher.aspx?playerId=53714,2026-10-01,2026-10-01T14:11:43+09:00
2023,HANWHA,한화,52701,문동주,23,118.6667,49,3.72,1.31,95,https://www.koreabaseball.com/Record/Player/PitcherDetail/Basic.aspx?playerId=52701,2026-10-01,2026-10-01T14:11:43+09:00
2023,NC,NC,53913,페디,30,180.3333,40,2.00,0.95,209,https://www.koreabaseball.com/Record/Retire/Pitcher.aspx?playerId=53913,2026-10-01,2026-10-01T14:11:43+09:00
2023,NC,NC,68902,신민혁,29,122,54,3.98,1.20,97,https://www.koreabaseball.com/Record/Player/PitcherDetail/Basic.aspx?playerId=68902,2026-10-01,2026-10-01T14:11:43+09:00
2023,NC,NC,69962,송명기,35,104.3333,56,4.83,1.47,65,https://www.koreabaseball.com/Record/Player/PitcherDetail/Basic.aspx?playerId=69962,2026-10-01,2026-10-01T14:11:43+09:00
2023,KIWOOM,키움,53375,후라도,30,183.6667,54,2.65,1.12,147,https://www.koreabaseball.com/Record/Player/PitcherDetail/Basic.aspx?playerId=53375,2026-10-01,2026-10-01T14:11:43+09:00
2023,KIWOOM,키움,68341,안우진,24,150.6667,40,2.39,1.06,164,https://www.koreabaseball.com/Record/Player/PitcherDetail/Basic.aspx?playerId=68341,2026-10-01,2026-10-01T14:11:43+09:00
2023,KIWOOM,키움,78148,정찬헌,14,72,38,4.75,1.17,35,https://www.koreabaseball.com/Record/Retire/Pitcher.aspx?playerId=78148,2026-10-01,2026-10-01T14:11:43+09:00
