date,season,team,opponent,home_away,runs_for,runs_against,stadium,result,status,game_id,source_url
2025-03-22,2025,KT,한화,home,3,4,수원,L,completed,20250322HHKT0,https://www.koreabaseball.com/Schedule/GameCenter/Main.aspx?gameDate=20250322&gameId=20250322HHKT0
2025-03-22,2025,한화,KT,away,4,3,수원,W,completed,20250322HHKT0,https://www.koreabaseball.com/Schedule/GameCenter/Main.aspx?gameDate=20250322&gameId=20250322HHKT0
2025-03-22,2025,LG,롯데,home,12,2,잠실,W,completed,20250322LTLG0,https://www.koreabaseball.com/Schedule/GameCenter/Main.aspx?gameDate=20250322&gameId=20250322LTLG0
2025-03-22,2025,롯데,LG,away,2,12,잠실,L,completed,20250322LTLG0,https://www.koreabaseball.com/Schedule/GameCenter/Main.aspx?gameDate=20250322&gameId=20250322LTLG0
2025-03-22,2025,KIA,NC,home,9,2,광주,W,completed,20250322NCHT0,https://www.koreabaseball.com/Schedule/GameCenter/Main.aspx?gameDate=20250322&gameId=20250322NCHT0
2025-03-22,2025,NC,KIA,away,2,9,광주,L,completed,20250322NCHT0,https://www.koreabaseball.com/Schedule/GameCenter/Main.aspx?gameDate=20250322&gameId=20250322NCHT0
2025-03-22,2025,SSG,두산,home,6,5,문학,W,completed,20250322OBSK0,https://www.koreabaseball.com/Schedule/GameCenter/Main.aspx?gameDate=20250322&gameId=20250322OBSK0
2025-03-22,2025,두산,SSG,away,5,6,문학,L,completed,20250322OBSK0,https://www.koreabaseball.com/Schedule/GameCenter/Main.aspx?gameDate=20250322&gameId=20250322OBSK0
2025-03-22,2025,삼성,키움,home,13,5,대구,W,completed,20250322WOSS0,https://www.koreabaseball.com/Schedule/GameCenter/Main.aspx?gameDate=20250322&gameId=20250322WOSS0
2025-03-22,2025,키움,삼성,away,5,13,대구,L,completed,20250322WOSS0,https://www.koreabaseball.com/Schedule/GameCenter/Main.aspx?gameDate=20250322&gameId=20250322WOSS0
2025-03-23,2025,KT,한화,home,5,4,수원,W,completed,20250323HHKT0,https://www.koreabaseball.com/Schedule/GameCenter/Main.aspx?gameDate=20250323&gameId=20250323HHKT0
2025-03-23,2025,한화,KT,away,4,5,수원,L,completed,20250323HHKT0,https://www.koreabaseball.com/Schedule/GameCenter/Main.aspx?gameDate=20250323&gameId=20250323HHKT0
2025-03-23,2025,LG,롯데,home,10,2,잠실,W,completed,20250323LTLG0,https://www.koreabaseball.com/Schedule/GameCenter/Main.aspx?gameDate=20250323&gameId=20250323LTLG0
2025-03-23,2025,롯데,LG,away,2,10,잠실,L,completed,20250323LTLG0,https://www.koreabaseball.com/Schedule/GameCenter/Main.aspx?gameDate=20250323&gameId=20250323LTLG0
2025-03-23,2025,KIA,NC,home,4,5,광주,L,completed,20250323NCHT0,https://www.koreabaseball.com/Schedule/GameCenter/Main.aspx?gameDate=20250323&gameId=20250323NCHT0
2025-03-23,2025,NC,KIA,away,5,4,광주,W,completed,20250323NCHT0,https://www.koreabaseball.com/Schedule/GameCenter/Main.aspx?gameDate=20250323&gameId=20250323NCHT0
2025-03-23,2025,SSG,두산,home,5,2,문학,W,completed,20250323OBSK0,https://www.koreabaseball.com/Schedule/GameCenter/Main.aspx?gameDate=20250323&gameId=20250323OBSK0
2025-03-23,2025,두산,SSG,away,2,5,문학,L,completed,20250323OBSK0,https://www.koreabaseball.com/Schedule/GameCenter/Main.aspx?gameDate=20250323&gameId=20250323OBSK0
2025-03-23,2025,삼성,키움,home,11,7,대구,W,completed,20250323WOSS0,https://www.koreabaseball.com/Schedule/GameCenter/Main.aspx?gameDate=20250323&gameId=20250323WOSS0
2025-03-23,2025,키움,삼성,away,7,11,대구,L,completed,20250323WOSS0,https://www.koreabaseball.com/Schedule/GameCenter/Main.aspx?gameDate=20250323&gameId=20250323WOSS0
2025-03-25,2025,LG,한화,home,5,0,잠실,W,completed,20250325HHLG0,https://www.koreabaseball.com/Schedule/GameCenter/Main.aspx?gameDate=20250325&gameId=20250325HHLG0
2025-03-25,2025,한화,LG,away,0,5,잠실,L,completed,20250325HHLG0,https://www.koreabaseball.com/Schedule/GameCenter/Main.aspx?gameDate=20250325&gameId=20250325HHLG0
2025-03-25,2025,SSG,롯데,home,2,3,문학,L,completed,20250325LTSK0,https://www.koreabaseball.com/Schedule/GameCenter/Main.aspx?gameDate=20250325&gameId=20250325LTSK0
2025-03-25,2025,롯데,SSG,away,3,2,문학,W,completed,20250325LTSK0,https://www.koreabaseball.com/Schedule/GameCenter/Main.aspx?gameDate=20250325&gameId=20250325LTSK0
2025-03-25,2025,NC,삼성,away,5,14,대구,L,completed,20250325NCSS0,https://www.koreabaseball.com/Schedule/GameCenter/Main.aspx?gameDate=20250325&gameId=20250325NCSS0
2025-03-25,2025,삼성,NC,home,14,5,대구,W,completed,20250325NCSS0,https://www.koreabaseball.com/Schedule/GameCenter/Main.aspx?gameDate=20250325&gameId=20250325NCSS0
2025-03-25,2025,KT,두산,home,8,3,수원,W,completed,20250325OBKT0,https://www.koreabaseball.com/Schedule/GameCenter/Main.aspx?gameDate=20250325&gameId=20250325OBKT0
2025-03-25,2025,두산,KT,away,3,8,수원,L,completed,20250325OBKT0,https://www.koreabaseball.com/Schedule/GameCenter/Main.aspx?gameDate=20250325&gameId=20250325OBKT0
2025-03-25,2025,KIA,키움,home,11,6,광주,W,completed,20250325WOHT0,https://www.koreabaseball.com/Schedule/GameCenter/Main.aspx?gameDate=20250325&gameId=20250325WOHT0
2025-03-25,2025,키움,KIA,away,6,11,광주,L,completed,20250325WOHT0,https://www.koreabaseball.com/Schedule/GameCenter/Main.aspx?gameDate=20250325&gameId=20250325WOHT0
2025-03-26,2025,LG,한화,home,4,0,잠실,W,completed,20250326HHLG0,https://www.koreabaseball.com/Schedule/GameCenter/Main.aspx?gameDate=20250326&gameId=20250326HHLG0
2025-03-26,2025,한화,LG,away,0,4,잠실,L,completed,20250326HHLG0,https://www.koreabaseball.com/Schedule/GameCenter/Main.aspx?gameDate=20250326&gameId=20250326HHLG0
2025-03-26,2025,SSG,롯데,home,3,1,문학,W,completed,20250326LTSK0,https://www.koreabaseball.com/Schedule/GameCenter/Main.aspx?gameDate=20250326&gameId=20250326LTSK0
2025-03-26,2025,롯데,SSG,away,1,3,문학,L,completed,20250326LTSK0,https://www.koreabaseball.com/Schedule/GameCenter/Main.aspx?gameDate=20250326&gameId=20250326LTSK0
2025-03-26,2025,NC,삼성,away,8,6,대구,W,completed,20250326NCSS0,https://www.koreabaseball.com/Schedule/GameCenter/Main.aspx?gameDate=20250326&gameId=20250326NCSS0
2025-03-26,2025,삼성,NC,home,6,8,대구,L,completed,20250326NCSS0,https://www.koreabaseball.com/Schedule/GameCenter/Main.aspx?gameDate=20250326&gameId=20250326NCSS0
2025-03-26,2025,KT,두산,home,2,3,수원,L,completed,20250326OBKT0,https://www.koreabaseball.com/Schedule/GameCenter/Main.aspx?gameDate=20250326&gameId=20250326OBKT0
2025-03-26,2025,두산,KT,away,3,2,수원,W,completed,20250326OBKT0,https://www.koreabaseball.com/Schedule/GameCenter/Main.aspx?gameDate=20250326&gameId=20250326OBKT0
2025-03-26,2025,KIA,키움,home,10,17,광주,L,completed,20250326WOHT0,https://www.koreabaseball.com/Schedule/GameCenter/Main.aspx?gameDate=20250326&gameId=20250326WOHT0
2025-03-26,2025,키움,KIA,away,17,10,광주,W,completed,20250326WOHT0,https://www.koreabaseball.com/Schedule/GameCenter/Main.aspx?gameDate=20250326&gameId=20250326WOHT0
2025-03-27,2025,LG,한화,home,2,1,잠실,W,completed,20250327HHLG0,https://www.koreabaseball.com/Schedule/GameCenter/Main.aspx?gameDate=20250327&gameId=20250327HHLG0
2025-03-27,2025,한화,LG,away,1,2,잠실,L,completed,20250327HHLG0,https://www.koreabaseball.com/Schedule/GameCenter/Main.aspx?gameDate=20250327&gameId=20250327HHLG0
2025-03-27,2025,SSG,롯데,home,5,2,문학,W,completed,20250327LTSK0,https://www.koreabaseball.com/Schedule/GameCenter/Main.aspx?gameDate=20250327&gameId=20250327LTSK0
2025-03-27,2025,롯데,SSG,away,2,5,문학,L,completed,20250327LTSK0,https://www.koreabaseball.com/Schedule/GameCenter/Main.aspx?gameDate=20250327&gameId=20250327LTSK0
2025-03-27,2025,NC,삼성,away,11,5,대구,W,completed,20250327NCSS0,https://www.koreabaseball.com/Schedule/GameCenter/Main.aspx?gameDate=20250327&gameId=20250327NCSS0
2025-03-27,2025,삼성,NC,home,5,11,대구,L,completed,20250327NCSS0,https://www.koreabaseball.com/Schedule/GameCenter/Main.aspx?gameDate=20250327&gameId=20250327NCSS0
2025-03-27,2025,KT,두산,home,4,3,수원,W,completed,20250327OBKT0,https://www.koreabaseball.com/Schedule/GameCenter/Main.aspx?gameDate=20250327&gameId=20250327OBKT0
2025-03-27,2025,두산,KT,away,3,4,수원,L,completed,20250327OBKT0,https://www.koreabaseball.com/Schedule/GameCenter/Main.aspx?gameDate=20250327&gameId=20250327OBKT0
2025-03-27,2025,KIA,키움,home,3,5,광주,L,completed,20250327WOHT0,https://www.koreabaseball.com/Schedule/GameCenter/Main.aspx?gameDate=20250327&gameId=20250327WOHT0
2025-03-27,2025,키움,KIA,away,5,3,광주,W,completed,20250327WOHT0,https://www.koreabaseball.com/Schedule/GameCenter/Main.aspx?gameDate=20250327&gameId=20250327WOHT0
2025-03-28,2025,KIA,한화,away,2,7,대전,L,completed,20250328HTHH0,https://www.koreabaseball.com/Schedule/GameCenter/Main.aspx?gameDate=20250328&gameId=20250328HTHH0
2025-03-28,2025,한화,KIA,home,7,2,대전,W,completed,20250328HTHH0,https://www.koreabaseball.com/Schedule/GameCenter/Main.aspx?gameDate=20250328&gameId=20250328HTHH0
2025-03-28,2025,KT,롯데,away,2,0,사직,W,completed,20250328KTLT0,https://www.koreabaseball.com/Schedule/GameCenter/Main.aspx?gameDate=20250328&gameId=20250328KTLT0
2025-03-28,2025,롯데,KT,home,0,2,사직,L,completed,20250328KTLT0,https://www.koreabaseball.com/Schedule/GameCenter/Main.aspx?gameDate=20250328&gameId=20250328KTLT0
2025-03-28,2025,LG,NC,away,8,4,창원,W,completed,20250328LGNC0,https://www.koreabaseball.com/Schedule/GameCenter/Main.aspx?gameDate=20250328&gameId=20250328LGNC0
2025-03-28,2025,NC,LG,home,4,8,창원,L,completed,20250328LGNC0,https://www.koreabaseball.com/Schedule/GameCenter/Main.aspx?gameDate=20250328&gameId=20250328LGNC0
2025-03-28,2025,SSG,키움,away,3,9,고척,L,completed,20250328SKWO0,https://www.koreabaseball.com/Schedule/GameCenter/Main.aspx?gameDate=20250328&gameId=20250328SKWO0
2025-03-28,2025,키움,SSG,home,9,3,고척,W,completed,20250328SKWO0,https://www.koreabaseball.com/Schedule/GameCenter/Main.aspx?gameDate=20250328&gameId=20250328SKWO0
2025-03-28,2025,두산,삼성,home,2,0,잠실,W,completed,20250328SSOB0,https://www.koreabaseball.com/Schedule/GameCenter/Main.aspx?gameDate=20250328&gameId=20250328SSOB0
2025-03-28,2025,삼성,두산,away,0,2,잠실,L,completed,20250328SSOB0,https://www.koreabaseball.com/Schedule/GameCenter/Main.aspx?gameDate=20250328&gameId=20250328SSOB0
2025-03-29,2025,KIA,한화,away,4,5,대전,L,completed,20250329HTHH0,https://www.koreabaseball.com/Schedule/GameCenter/Main.aspx?gameDate=20250329&gameId=20250329HTHH0
2025-03-29,2025,한화,KIA,home,5,4,대전,W,completed,20250329HTHH0,https://www.koreabaseball.com/Schedule/GameCenter/Main.aspx?gameDate=20250329&gameId=20250329HTHH0
2025-03-29,2025,KT,롯데,away,1,3,사직,L,completed,20250329KTLT0,https://www.koreabaseball.com/Schedule/GameCenter/Main.aspx?gameDate=20250329&gameId=20250329KTLT0
2025-03-29,2025,롯데,KT,home,3,1,사직,W,completed,20250329KTLT0,https://www.koreabaseball.com/Schedule/GameCenter/Main.aspx?gameDate=20250329&gameId=20250329KTLT0
2025-03-29,2025,LG,NC,away,14,4,창원,W,completed,20250329LGNC0,https://www.koreabaseball.com/Schedule/GameCenter/Main.aspx?gameDate=20250329&gameId=20250329LGNC0
2025-03-29,2025,NC,LG,home,4,14,창원,L,completed,20250329LGNC0,https://www.koreabaseball.com/Schedule/GameCenter/Main.aspx?gameDate=20250329&gameId=20250329LGNC0
2025-03-29,2025,SSG,키움,away,1,3,고척,L,completed,20250329SKWO0,https://www.koreabaseball.com/Schedule/GameCenter/Main.aspx?gameDate=20250329&gameId=20250329SKWO0
2025-03-29,2025,키움,SSG,home,3,1,고척,W,completed,20250329SKWO0,https://www.koreabaseball.com/Schedule/GameCenter/Main.aspx?gameDate=20250329&gameId=20250329SKWO0
2025-03-29,2025,두산,삼성,home,2,13,잠실,L,completed,20250329SSOB0,https://www.koreabaseball.com/Schedule/GameCenter/Main.aspx?gameDate=20250329&gameId=20250329SSOB0
2025-03-29,2025,삼성,두산,away,13,2,잠실,W,completed,20250329SSOB0,https://www.koreabaseball.com/Schedule/GameCenter/Main.aspx?gameDate=20250329&gameId=20250329SSOB0
2025-03-30,2025,LG,NC,away,,,창원,,not_completed,2025-03-30_LG_NC,https://www.koreabaseball.com/Schedule/Schedule.aspx
2025-03-30,2025,NC,LG,home,,,창원,,not_completed,2025-03-30_LG_NC,https://www.koreabaseball.com/Schedule/Schedule.aspx
2025-03-30,2025,KIA,한화,away,5,3,대전,W,completed,20250330HTHH0,https://www.koreabaseball.com/Schedule/GameCenter/Main.aspx?gameDate=20250330&gameId=20250330HTHH0
2025-03-30,2025,한화,KIA,home,3,5,대전,L,completed,20250330HTHH0,https://www.koreabaseball.com/Schedule/GameCenter/Main.aspx?gameDate=20250330&gameId=20250330HTHH0
2025-03-30,2025,KT,롯데,away,4,4,사직,D,completed,20250330KTLT0,https://www.koreabaseball.com/Schedule/GameCenter/Main.aspx?gameDate=20250330&gameId=20250330KTLT0
2025-03-30,2025,롯데,KT,home,4,4,사직,D,completed,20250330KTLT0,https://www.koreabaseball.com/Schedule/GameCenter/Main.aspx?gameDate=20250330&gameId=20250330KTLT0
2025-03-30,2025,SSG,키움,away,8,2,고척,W,completed,20250330SKWO0,https://www.koreabaseball.com/Schedule/GameCenter/Main.aspx?gameDate=20250330&gameId=20250330SKWO0
2025-03-30,2025,키움,SSG,home,2,8,고척,L,completed,20250330SKWO0,https://www.koreabaseball.com/Schedule/GameCenter/Main.aspx?gameDate=20250330&gameId=20250330SKWO0
2025-03-30,2025,두산,삼성,home,2,3,잠실,L,completed,20250330SSOB0,https://www.koreabaseball.com/Schedule/GameCenter/Main.aspx?gameDate=20250330&gameId=20250330SSOB0
2025-03-30,2025,삼성,두산,away,3,2,잠실,W,completed,20250330SSOB0,https://www.koreabaseball.com/Schedule/GameCenter/Main.aspx?gameDate=20250330&gameId=20250330SSOB0
2025-04-01,2025,KIA,삼성,home,,,광주,,not_completed,2025-04-01_KIA_삼성,https://www.koreabaseball.com/Schedule/Schedule.aspx
2025-04-01,2025,삼성,KIA,away,,,광주,,not_completed,2025-04-01_KIA_삼성,https://www.koreabaseball.com/Schedule/Schedule.aspx
2025-04-01,2025,KT,LG,home,,,수원,,not_completed,2025-04-01_KT_LG,https://www.koreabaseball.com/Schedule/Schedule.aspx
2025-04-01,2025,LG,KT,away,,,수원,,not_completed,2025-04-01_KT_LG,https://www.koreabaseball.com/Schedule/Schedule.aspx
2025-04-01,2025,NC,SSG,home,,,창원,,not_completed,2025-04-01_NC_SSG,https://www.koreabaseball.com/Schedule/Schedule.aspx
2025-04-01,2025,SSG,NC,away,,,창원,,not_completed,2025-04-01_NC_SSG,https://www.koreabaseball.com/Schedule/Schedule.aspx
2025-04-01,2025,두산,키움,home,,,잠실,,not_completed,2025-04-01_두산_키움,https://www.koreabaseball.com/Schedule/Schedule.aspx
2025-04-01,2025,키움,두산,away,,,잠실,,not_completed,2025-04-01_두산_키움,https://www.koreabaseball.com/Schedule/Schedule.aspx
2025-04-01,2025,롯데,한화,away,,,대전,,not_completed,2025-04-01_롯데_한화,https://www.koreabaseball.com/Schedule/Schedule.aspx
2025-04-01,2025,한화,롯데,home,,,대전,,not_completed,2025-04-01_롯데_한화,https://www.koreabaseball.com/Schedule/Schedule.aspx
2025-04-02,2025,NC,SSG,home,,,창원,,not_completed,2025-04-02_NC_SSG,https://www.koreabaseball.com/Schedule/Schedule.aspx
2025-04-02,2025,SSG,NC,away,,,창원,,not_completed,2025-04-02_NC_SSG,https://www.koreabaseball.com/Schedule/Schedule.aspx
2025-04-02,2025,KT,LG,home,9,5,수원,W,completed,20250402LGKT0,https://www.koreabaseball.com/Schedule/GameCenter/Main.aspx?gameDate=20250402&gameId=20250402LGKT0
2025-04-02,2025,LG,KT,away,5,9,수원,L,completed,20250402LGKT0,https://www.koreabaseball.com/Schedule/GameCenter/Main.aspx?gameDate=20250402&gameId=20250402LGKT0
2025-04-02,2025,롯데,한화,away,6,2,대전,W,completed,20250402LTHH0,https://www.koreabaseball.com/Schedule/GameCenter/Main.aspx?gameDate=20250402&gameId=20250402LTHH0
2025-04-02,2025,한화,롯데,home,2,6,대전,L,completed,20250402LTHH0,https://www.koreabaseball.com/Schedule/GameCenter/Main.aspx?gameDate=20250402&gameId=20250402LTHH0
2025-04-02,2025,KIA,삼성,home,2,4,광주,L,completed,20250402SSHT0,https://www.koreabaseball.com/Schedule/GameCenter/Main.aspx?gameDate=20250402&gameId=20250402SSHT0
2025-04-02,2025,삼성,KIA,away,4,2,광주,W,completed,20250402SSHT0,https://www.koreabaseball.com/Schedule/GameCenter/Main.aspx?gameDate=20250402&gameId=20250402SSHT0
2025-04-02,2025,두산,키움,home,5,3,잠실,W,completed,20250402WOOB0,https://www.koreabaseball.com/Schedule/GameCenter/Main.aspx?gameDate=20250402&gameId=20250402WOOB0
2025-04-02,2025,키움,두산,away,3,5,잠실,L,completed,20250402WOOB0,https://www.koreabaseball.com/Schedule/GameCenter/Main.aspx?gameDate=20250402&gameId=20250402WOOB0
2025-04-03,2025,NC,SSG,home,,,창원,,not_completed,2025-04-03_NC_SSG,https://www.koreabaseball.com/Schedule/Schedule.aspx
2025-04-03,2025,SSG,NC,away,,,창원,,not_completed,2025-04-03_NC_SSG,https://www.koreabaseball.com/Schedule/Schedule.aspx
2025-04-03,2025,KT,LG,home,1,5,수원,L,completed,20250403LGKT0,https://www.koreabaseball.com/Schedule/GameCenter/Main.aspx?gameDate=20250403&gameId=20250403LGKT0
2025-04-03,2025,LG,KT,away,5,1,수원,W,completed,20250403LGKT0,https://www.koreabaseball.com/Schedule/GameCenter/Main.aspx?gameDate=20250403&gameId=20250403LGKT0
2025-04-03,2025,롯데,한화,away,4,2,대전,W,completed,20250403LTHH0,https://www.koreabaseball.com/Schedule/GameCenter/Main.aspx?gameDate=20250403&gameId=20250403LTHH0
2025-04-03,2025,한화,롯데,home,2,4,대전,L,completed,20250403LTHH0,https://www.koreabaseball.com/Schedule/GameCenter/Main.aspx?gameDate=20250403&gameId=20250403LTHH0
2025-04-03,2025,KIA,삼성,home,3,1,광주,W,completed,20250403SSHT0,https://www.koreabaseball.com/Schedule/GameCenter/Main.aspx?gameDate=20250403&gameId=20250403SSHT0
2025-04-03,2025,삼성,KIA,away,1,3,광주,L,completed,20250403SSHT0,https://www.koreabaseball.com/Schedule/GameCenter/Main.aspx?gameDate=20250403&gameId=20250403SSHT0
2025-04-03,2025,두산,키움,home,6,1,잠실,W,completed,20250403WOOB0,https://www.koreabaseball.com/Schedule/GameCenter/Main.aspx?gameDate=20250403&gameId=20250403WOOB0
2025-04-03,2025,키움,두산,away,1,6,잠실,L,completed,20250403WOOB0,https://www.koreabaseball.com/Schedule/GameCenter/Main.aspx?gameDate=20250403&gameId=20250403WOOB0
2025-04-04,2025,삼성,한화,home,5,0,대구,W,completed,20250404HHSS0,https://www.koreabaseball.com/Schedule/GameCenter/Main.aspx?gameDate=20250404&gameId=20250404HHSS0
2025-04-04,2025,한화,삼성,away,0,5,대구,L,completed,20250404HHSS0,https://www.koreabaseball.com/Schedule/GameCenter/Main.aspx?gameDate=20250404&gameId=20250404HHSS0
2025-04-04,2025,KIA,LG,away,2,8,잠실,L,completed,20250404HTLG0,https://www.koreabaseball.com/Schedule/GameCenter/Main.aspx?gameDate=20250404&gameId=20250404HTLG0
2025-04-04,2025,LG,KIA,home,8,2,잠실,W,completed,20250404HTLG0,https://www.koreabaseball.com/Schedule/GameCenter/Main.aspx?gameDate=20250404&gameId=20250404HTLG0
2025-04-04,2025,KT,SSG,away,2,3,문학,L,completed,20250404KTSK0,https://www.koreabaseball.com/Schedule/GameCenter/Main.aspx?gameDate=20250404&gameId=20250404KTSK0
2025-04-04,2025,SSG,KT,home,3,2,문학,W,completed,20250404KTSK0,https://www.koreabaseball.com/Schedule/GameCenter/Main.aspx?gameDate=20250404&gameId=20250404KTSK0
2025-04-04,2025,NC,키움,away,1,5,고척,L,completed,20250404NCWO0,https://www.koreabaseball.com/Schedule/GameCenter/Main.aspx?gameDate=20250404&gameId=20250404NCWO0
2025-04-04,2025,키움,NC,home,5,1,고척,W,completed,20250404NCWO0,https://www.koreabaseball.com/Schedule/GameCenter/Main.aspx?gameDate=20250404&gameId=20250404NCWO0
2025-04-04,2025,두산,롯데,away,15,3,사직,W,completed,20250404OBLT0,https://www.koreabaseball.com/Schedule/GameCenter/Main.aspx?gameDate=20250404&gameId=20250404OBLT0
2025-04-04,2025,롯데,두산,home,3,15,사직,L,completed,20250404OBLT0,https://www.koreabaseball.com/Schedule/GameCenter/Main.aspx?gameDate=20250404&gameId=20250404OBLT0
2025-04-05,2025,KIA,LG,away,,,잠실,,not_completed,2025-04-05_KIA_LG,https://www.koreabaseball.com/Schedule/Schedule.aspx
2025-04-05,2025,LG,KIA,home,,,잠실,,not_completed,2025-04-05_KIA_LG,https://www.koreabaseball.com/Schedule/Schedule.aspx
2025-04-05,2025,KT,SSG,away,,,문학,,not_completed,2025-04-05_KT_SSG,https://www.koreabaseball.com/Schedule/Schedule.aspx
2025-04-05,2025,SSG,KT,home,,,문학,,not_completed,2025-04-05_KT_SSG,https://www.koreabaseball.com/Schedule/Schedule.aspx
2025-04-05,2025,삼성,한화,home,6,7,대구,L,completed,20250405HHSS0,https://www.koreabaseball.com/Schedule/GameCenter/Main.aspx?gameDate=20250405&gameId=20250405HHSS0
2025-04-05,2025,한화,삼성,away,7,6,대구,W,completed,20250405HHSS0,https://www.koreabaseball.com/Schedule/GameCenter/Main.aspx?gameDate=20250405&gameId=20250405HHSS0
2025-04-05,2025,NC,키움,away,7,5,고척,W,completed,20250405NCWO0,https://www.koreabaseball.com/Schedule/GameCenter/Main.aspx?gameDate=20250405&gameId=20250405NCWO0
2025-04-05,2025,키움,NC,home,5,7,고척,L,completed,20250405NCWO0,https://www.koreabaseball.com/Schedule/GameCenter/Main.aspx?gameDate=20250405&gameId=20250405NCWO0
2025-04-05,2025,두산,롯데,away,1,6,사직,L,completed,20250405OBLT0,https://www.koreabaseball.com/Schedule/GameCenter/Main.aspx?gameDate=20250405&gameId=20250405OBLT0
2025-04-05,2025,롯데,두산,home,6,1,사직,W,completed,20250405OBLT0,https://www.koreabaseball.com/Schedule/GameCenter/Main.aspx?gameDate=20250405&gameId=20250405OBLT0
2025-04-06,2025,삼성,한화,home,10,0,대구,W,completed,20250406HHSS0,https://www.koreabaseball.com/Schedule/GameCenter/Main.aspx?gameDate=20250406&gameId=20250406HHSS0
2025-04-06,2025,한화,삼성,away,0,10,대구,L,completed,20250406HHSS0,https://www.koreabaseball.com/Schedule/GameCenter/Main.aspx?gameDate=20250406&gameId=20250406HHSS0
2025-04-06,2025,KIA,LG,away,1,5,잠실,L,completed,20250406HTLG0,https://www.koreabaseball.com/Schedule/GameCenter/Main.aspx?gameDate=20250406&gameId=20250406HTLG0
2025-04-06,2025,LG,KIA,home,5,1,잠실,W,completed,20250406HTLG0,https://www.koreabaseball.com/Schedule/GameCenter/Main.aspx?gameDate=20250406&gameId=20250406HTLG0
2025-04-06,2025,KT,SSG,away,0,1,문학,L,completed,20250406KTSK0,https://www.koreabaseball.com/Schedule/GameCenter/Main.aspx?gameDate=20250406&gameId=20250406KTSK0
2025-04-06,2025,SSG,KT,home,1,0,문학,W,completed,20250406KTSK0,https://www.koreabaseball.com/Schedule/GameCenter/Main.aspx?gameDate=20250406&gameId=20250406KTSK0
2025-04-06,2025,NC,키움,away,8,2,고척,W,completed,20250406NCWO0,https://www.koreabaseball.com/Schedule/GameCenter/Main.aspx?gameDate=20250406&gameId=20250406NCWO0
2025-04-06,2025,키움,NC,home,2,8,고척,L,completed,20250406NCWO0,https://www.koreabaseball.com/Schedule/GameCenter/Main.aspx?gameDate=20250406&gameId=20250406NCWO0
2025-04-06,2025,두산,롯데,away,15,12,사직,W,completed,20250406OBLT0,https://www.koreabaseball.com/Schedule/GameCenter/Main.aspx?gameDate=20250406&gameId=20250406OBLT0
2025-04-06,2025,롯데,두산,home,12,15,사직,L,completed,20250406OBLT0,https://www.koreabaseball.com/Schedule/GameCenter/Main.aspx?gameDate=20250406&gameId=20250406OBLT0
2025-04-08,2025,두산,한화,home,6,5,잠실,W,completed,20250408HHOB0,https://www.koreabaseball.com/Schedule/GameCenter/Main.aspx?gameDate=20250408&gameId=20250408HHOB0
2025-04-08,2025,한화,두산,away,5,6,잠실,L,completed,20250408HHOB0,https://www.koreabaseball.com/Schedule/GameCenter/Main.aspx?gameDate=20250408&gameId=20250408HHOB0
2025-04-08,2025,KIA,롯데,away,5,4,사직,W,completed,20250408HTLT0,https://www.koreabaseball.com/Schedule/GameCenter/Main.aspx?gameDate=20250408&gameId=20250408HTLT0
2025-04-08,2025,롯데,KIA,home,4,5,사직,L,completed,20250408HTLT0,https://www.koreabaseball.com/Schedule/GameCenter/Main.aspx?gameDate=20250408&gameId=20250408HTLT0
2025-04-08,2025,LG,키움,away,13,1,고척,W,completed,20250408LGWO0,https://www.koreabaseball.com/Schedule/GameCenter/Main.aspx?gameDate=20250408&gameId=20250408LGWO0
2025-04-08,2025,키움,LG,home,1,13,고척,L,completed,20250408LGWO0,https://www.koreabaseball.com/Schedule/GameCenter/Main.aspx?gameDate=20250408&gameId=20250408LGWO0
2025-04-08,2025,KT,NC,home,3,2,수원,W,completed,20250408NCKT0,https://www.koreabaseball.com/Schedule/GameCenter/Main.aspx?gameDate=20250408&gameId=20250408NCKT0
2025-04-08,2025,NC,KT,away,2,3,수원,L,completed,20250408NCKT0,https://www.koreabaseball.com/Schedule/GameCenter/Main.aspx?gameDate=20250408&gameId=20250408NCKT0
2025-04-08,2025,SSG,삼성,away,3,7,대구,L,completed,20250408SKSS0,https://www.koreabaseball.com/Schedule/GameCenter/Main.aspx?gameDate=20250408&gameId=20250408SKSS0
2025-04-08,2025,삼성,SSG,home,7,3,대구,W,completed,20250408SKSS0,https://www.koreabaseball.com/Schedule/GameCenter/Main.aspx?gameDate=20250408&gameId=20250408SKSS0
2025-04-09,2025,두산,한화,home,4,5,잠실,L,completed,20250409HHOB0,https://www.koreabaseball.com/Schedule/GameCenter/Main.aspx?gameDate=20250409&gameId=20250409HHOB0
2025-04-09,2025,한화,두산,away,5,4,잠실,W,completed,20250409HHOB0,https://www.koreabaseball.com/Schedule/GameCenter/Main.aspx?gameDate=20250409&gameId=20250409HHOB0
2025-04-09,2025,KIA,롯데,away,3,1,사직,W,completed,20250409HTLT0,https://www.koreabaseball.com/Schedule/GameCenter/Main.aspx?gameDate=20250409&gameId=20250409HTLT0
2025-04-09,2025,롯데,KIA,home,1,3,사직,L,completed,20250409HTLT0,https://www.koreabaseball.com/Schedule/GameCenter/Main.aspx?gameDate=20250409&gameId=20250409HTLT0
2025-04-09,2025,LG,키움,away,0,4,고척,L,completed,20250409LGWO0,https://www.koreabaseball.com/Schedule/GameCenter/Main.aspx?gameDate=20250409&gameId=20250409LGWO0
2025-04-09,2025,키움,LG,home,4,0,고척,W,completed,20250409LGWO0,https://www.koreabaseball.com/Schedule/GameCenter/Main.aspx?gameDate=20250409&gameId=20250409LGWO0
2025-04-09,2025,KT,NC,home,4,1,수원,W,completed,20250409NCKT0,https://www.koreabaseball.com/Schedule/GameCenter/Main.aspx?gameDate=20250409&gameId=20250409NCKT0
2025-04-09,2025,NC,KT,away,1,4,수원,L,completed,20250409NCKT0,https://www.koreabaseball.com/Schedule/GameCenter/Main.aspx?gameDate=20250409&gameId=20250409NCKT0
2025-04-09,2025,SSG,삼성,away,3,1,대구,W,completed,20250409SKSS0,https://www.koreabaseball.com/Schedule/GameCenter/Main.aspx?gameDate=20250409&gameId=20250409SKSS0
2025-04-09,2025,삼성,SSG,home,1,3,대구,L,completed,20250409SKSS0,https://www.koreabaseball.com/Schedule/GameCenter/Main.aspx?gameDate=20250409&gameId=20250409SKSS0
2025-04-10,2025,두산,한화,home,2,7,잠실,L,completed,20250410HHOB0,https://www.koreabaseball.com/Schedule/GameCenter/Main.aspx?gameDate=20250410&gameId=20250410HHOB0
2025-04-10,2025,한화,두산,away,7,2,잠실,W,completed,20250410HHOB0,https://www.koreabaseball.com/Schedule/GameCenter/Main.aspx?gameDate=20250410&gameId=20250410HHOB0
2025-04-10,2025,KIA,롯데,away,3,8,사직,L,completed,20250410HTLT0,https://www.koreabaseball.com/Schedule/GameCenter/Main.aspx?gameDate=20250410&gameId=20250410HTLT0
2025-04-10,2025,롯데,KIA,home,8,3,사직,W,completed,20250410HTLT0,https://www.koreabaseball.com/Schedule/GameCenter/Main.aspx?gameDate=20250410&gameId=20250410HTLT0
2025-04-10,2025,LG,키움,away,7,3,고척,W,completed,20250410LGWO0,https://www.koreabaseball.com/Schedule/GameCenter/Main.aspx?gameDate=20250410&gameId=20250410LGWO0
2025-04-10,2025,키움,LG,home,3,7,고척,L,completed,20250410LGWO0,https://www.koreabaseball.com/Schedule/GameCenter/Main.aspx?gameDate=20250410&gameId=20250410LGWO0
2025-04-10,2025,KT,NC,home,0,7,수원,L,completed,20250410NCKT0,https://www.koreabaseball.com/Schedule/GameCenter/Main.aspx?gameDate=20250410&gameId=20250410NCKT0
2025-04-10,2025,NC,KT,away,7,0,수원,W,completed,20250410NCKT0,https://www.koreabaseball.com/Schedule/GameCenter/Main.aspx?gameDate=20250410&gameId=20250410NCKT0
2025-04-10,2025,SSG,삼성,away,2,3,대구,L,completed,20250410SKSS0,https://www.koreabaseball.com/Schedule/GameCenter/Main.aspx?gameDate=20250410&gameId=20250410SKSS0
2025-04-10,2025,삼성,SSG,home,3,2,대구,W,completed,20250410SKSS0,https://www.koreabaseball.com/Schedule/GameCenter/Main.aspx?gameDate=20250410&gameId=20250410SKSS0
2025-04-11,2025,NC,롯데,home,5,7,사직,L,completed,20250411LTNC0,https://www.koreabaseball.com/Schedule/GameCenter/Main.aspx?gameDate=20250411&gameId=20250411LTNC0
2025-04-11,2025,롯데,NC,away,7,5,사직,W,completed,20250411LTNC0,https://www.koreabaseball.com/Schedule/GameCenter/Main.aspx?gameDate=20250411&gameId=20250411LTNC0
2025-04-11,2025,LG,두산,home,5,2,잠실,W,completed,20250411OBLG0,https://www.koreabaseball.com/Schedule/GameCenter/Main.aspx?gameDate=20250411&gameId=20250411OBLG0
2025-04-11,2025,두산,LG,away,2,5,잠실,L,completed,20250411OBLG0,https://www.koreabaseball.com/Schedule/GameCenter/Main.aspx?gameDate=20250411&gameId=20250411OBLG0
2025-04-11,2025,KIA,SSG,home,3,9,광주,L,completed,20250411SKHT0,https://www.koreabaseball.com/Schedule/GameCenter/Main.aspx?gameDate=20250411&gameId=20250411SKHT0
2025-04-11,2025,SSG,KIA,away,9,3,광주,W,completed,20250411SKHT0,https://www.koreabaseball.com/Schedule/GameCenter/Main.aspx?gameDate=20250411&gameId=20250411SKHT0
2025-04-11,2025,KT,삼성,home,5,3,수원,W,completed,20250411SSKT0,https://www.koreabaseball.com/Schedule/GameCenter/Main.aspx?gameDate=20250411&gameId=20250411SSKT0
2025-04-11,2025,삼성,KT,away,3,5,수원,L,completed,20250411SSKT0,https://www.koreabaseball.com/Schedule/GameCenter/Main.aspx?gameDate=20250411&gameId=20250411SSKT0
2025-04-11,2025,키움,한화,away,2,12,대전,L,completed,20250411WOHH0,https://www.koreabaseball.com/Schedule/GameCenter/Main.aspx?gameDate=20250411&gameId=20250411WOHH0
2025-04-11,2025,한화,키움,home,12,2,대전,W,completed,20250411WOHH0,https://www.koreabaseball.com/Schedule/GameCenter/Main.aspx?gameDate=20250411&gameId=20250411WOHH0
2025-04-12,2025,KIA,SSG,home,,,광주,,not_completed,2025-04-12_KIA_SSG,https://www.koreabaseball.com/Schedule/Schedule.aspx
2025-04-12,2025,SSG,KIA,away,,,광주,,not_completed,2025-04-12_KIA_SSG,https://www.koreabaseball.com/Schedule/Schedule.aspx
2025-04-12,2025,KT,삼성,home,,,수원,,not_completed,2025-04-12_KT_삼성,https://www.koreabaseball.com/Schedule/Schedule.aspx
2025-04-12,2025,삼성,KT,away,,,수원,,not_completed,2025-04-12_KT_삼성,https://www.koreabaseball.com/Schedule/Schedule.aspx
2025-04-12,2025,NC,롯데,home,0,2,사직,L,completed,20250412LTNC0,https://www.koreabaseball.com/Schedule/GameCenter/Main.aspx?gameDate=20250412&gameId=20250412LTNC0
2025-04-12,2025,롯데,NC,away,2,0,사직,W,completed,20250412LTNC0,https://www.koreabaseball.com/Schedule/GameCenter/Main.aspx?gameDate=20250412&gameId=20250412LTNC0
2025-04-12,2025,LG,두산,home,4,0,잠실,W,completed,20250412OBLG0,https://www.koreabaseball.com/Schedule/GameCenter/Main.aspx?gameDate=20250412&gameId=20250412OBLG0
2025-04-12,2025,두산,LG,away,0,4,잠실,L,completed,20250412OBLG0,https://www.koreabaseball.com/Schedule/GameCenter/Main.aspx?gameDate=20250412&gameId=20250412OBLG0
2025-04-12,2025,키움,한화,away,6,2,대전,W,completed,20250412WOHH0,https://www.koreabaseball.com/Schedule/GameCenter/Main.aspx?gameDate=20250412&gameId=20250412WOHH0
2025-04-12,2025,한화,키움,home,2,6,대전,L,completed,20250412WOHH0,https://www.koreabaseball.com/Schedule/GameCenter/Main.aspx?gameDate=20250412&gameId=20250412WOHH0
2025-04-13,2025,NC,롯데,home,9,6,사직,W,completed,20250413LTNC0,https://www.koreabaseball.com/Schedule/GameCenter/Main.aspx?gameDate=20250413&gameId=20250413LTNC0
2025-04-13,2025,롯데,NC,away,6,9,사직,L,completed,20250413LTNC0,https://www.koreabaseball.com/Schedule/GameCenter/Main.aspx?gameDate=20250413&gameId=20250413LTNC0
2025-04-13,2025,LG,두산,home,2,9,잠실,L,completed,20250413OBLG0,https://www.koreabaseball.com/Schedule/GameCenter/Main.aspx?gameDate=20250413&gameId=20250413OBLG0
2025-04-13,2025,두산,LG,away,9,2,잠실,W,completed,20250413OBLG0,https://www.koreabaseball.com/Schedule/GameCenter/Main.aspx?gameDate=20250413&gameId=20250413OBLG0
2025-04-13,2025,KIA,SSG,home,11,5,광주,W,completed,20250413SKHT0,https://www.koreabaseball.com/Schedule/GameCenter/Main.aspx?gameDate=20250413&gameId=20250413SKHT0
2025-04-13,2025,SSG,KIA,away,5,11,광주,L,completed,20250413SKHT0,https://www.koreabaseball.com/Schedule/GameCenter/Main.aspx?gameDate=20250413&gameId=20250413SKHT0
2025-04-13,2025,KT,삼성,home,6,5,수원,W,completed,20250413SSKT0,https://www.koreabaseball.com/Schedule/GameCenter/Main.aspx?gameDate=20250413&gameId=20250413SSKT0
2025-04-13,2025,삼성,KT,away,5,6,수원,L,completed,20250413SSKT0,https://www.koreabaseball.com/Schedule/GameCenter/Main.aspx?gameDate=20250413&gameId=20250413SSKT0
2025-04-13,2025,키움,한화,away,1,7,대전,L,completed,20250413WOHH0,https://www.koreabaseball.com/Schedule/GameCenter/Main.aspx?gameDate=20250413&gameId=20250413WOHH0
2025-04-13,2025,한화,키움,home,7,1,대전,W,completed,20250413WOHH0,https://www.koreabaseball.com/Schedule/GameCenter/Main.aspx?gameDate=20250413&gameId=20250413WOHH0
2025-04-15,2025,NC,두산,home,,,창원,,not_completed,2025-04-15_NC_두산,https://www.koreabaseball.com/Schedule/Schedule.aspx
2025-04-15,2025,두산,NC,away,,,창원,,not_completed,2025-04-15_NC_두산,https://www.koreabaseball.com/Schedule/Schedule.aspx
2025-04-15,2025,SSG,한화,home,0,2,문학,L,completed,20250415HHSK0,https://www.koreabaseball.com/Schedule/GameCenter/Main.aspx?gameDate=20250415&gameId=20250415HHSK0
2025-04-15,2025,한화,SSG,away,2,0,문학,W,completed,20250415HHSK0,https://www.koreabaseball.com/Schedule/GameCenter/Main.aspx?gameDate=20250415&gameId=20250415HHSK0
2025-04-15,2025,KIA,KT,home,1,0,광주,W,completed,20250415KTHT0,https://www.koreabaseball.com/Schedule/GameCenter/Main.aspx?gameDate=20250415&gameId=20250415KTHT0
2025-04-15,2025,KT,KIA,away,0,1,광주,L,completed,20250415KTHT0,https://www.koreabaseball.com/Schedule/GameCenter/Main.aspx?gameDate=20250415&gameId=20250415KTHT0
2025-04-15,2025,LG,삼성,home,3,0,잠실,W,completed,20250415SSLG0,https://www.koreabaseball.com/Schedule/GameCenter/Main.aspx?gameDate=20250415&gameId=20250415SSLG0
2025-04-15,2025,삼성,LG,away,0,3,잠실,L,completed,20250415SSLG0,https://www.koreabaseball.com/Schedule/GameCenter/Main.aspx?gameDate=20250415&gameId=20250415SSLG0
2025-04-15,2025,롯데,키움,home,8,6,사직,W,completed,20250415WOLT0,https://www.koreabaseball.com/Schedule/GameCenter/Main.aspx?gameDate=20250415&gameId=20250415WOLT0
2025-04-15,2025,키움,롯데,away,6,8,사직,L,completed,20250415WOLT0,https://www.koreabaseball.com/Schedule/GameCenter/Main.aspx?gameDate=20250415&gameId=20250415WOLT0
2025-04-16,2025,NC,두산,home,,,창원,,not_completed,2025-04-16_NC_두산,https://www.koreabaseball.com/Schedule/Schedule.aspx
2025-04-16,2025,두산,NC,away,,,창원,,not_completed,2025-04-16_NC_두산,https://www.koreabaseball.com/Schedule/Schedule.aspx
2025-04-16,2025,SSG,한화,home,4,10,문학,L,completed,20250416HHSK0,https://www.koreabaseball.com/Schedule/GameCenter/Main.aspx?gameDate=20250416&gameId=20250416HHSK0
2025-04-16,2025,한화,SSG,away,10,4,문학,W,completed,20250416HHSK0,https://www.koreabaseball.com/Schedule/GameCenter/Main.aspx?gameDate=20250416&gameId=20250416HHSK0
2025-04-16,2025,KIA,KT,home,0,3,광주,L,completed,20250416KTHT0,https://www.koreabaseball.com/Schedule/GameCenter/Main.aspx?gameDate=20250416&gameId=20250416KTHT0
2025-04-16,2025,KT,KIA,away,3,0,광주,W,completed,20250416KTHT0,https://www.koreabaseball.com/Schedule/GameCenter/Main.aspx?gameDate=20250416&gameId=20250416KTHT0
2025-04-16,2025,LG,삼성,home,12,2,잠실,W,completed,20250416SSLG0,https://www.koreabaseball.com/Schedule/GameCenter/Main.aspx?gameDate=20250416&gameId=20250416SSLG0
2025-04-16,2025,삼성,LG,away,2,12,잠실,L,completed,20250416SSLG0,https://www.koreabaseball.com/Schedule/GameCenter/Main.aspx?gameDate=20250416&gameId=20250416SSLG0
2025-04-16,2025,롯데,키움,home,6,4,사직,W,completed,20250416WOLT0,https://www.koreabaseball.com/Schedule/GameCenter/Main.aspx?gameDate=20250416&gameId=20250416WOLT0
2025-04-16,2025,키움,롯데,away,4,6,사직,L,completed,20250416WOLT0,https://www.koreabaseball.com/Schedule/GameCenter/Main.aspx?gameDate=20250416&gameId=20250416WOLT0
2025-04-17,2025,NC,두산,home,,,창원,,not_completed,2025-04-17_NC_두산,https://www.koreabaseball.com/Schedule/Schedule.aspx
2025-04-17,2025,두산,NC,away,,,창원,,not_completed,2025-04-17_NC_두산,https://www.koreabaseball.com/Schedule/Schedule.aspx
2025-04-17,2025,SSG,한화,home,2,4,문학,L,completed,20250417HHSK0,https://www.koreabaseball.com/Schedule/GameCenter/Main.aspx?gameDate=20250417&gameId=20250417HHSK0
2025-04-17,2025,한화,SSG,away,4,2,문학,W,completed,20250417HHSK0,https://www.koreabaseball.com/Schedule/GameCenter/Main.aspx?gameDate=20250417&gameId=20250417HHSK0
2025-04-17,2025,KIA,KT,home,5,4,광주,W,completed,20250417KTHT0,https://www.koreabaseball.com/Schedule/GameCenter/Main.aspx?gameDate=20250417&gameId=20250417KTHT0
2025-04-17,2025,KT,KIA,away,4,5,광주,L,completed,20250417KTHT0,https://www.koreabaseball.com/Schedule/GameCenter/Main.aspx?gameDate=20250417&gameId=20250417KTHT0
2025-04-17,2025,LG,삼성,home,3,6,잠실,L,completed,20250417SSLG0,https://www.koreabaseball.com/Schedule/GameCenter/Main.aspx?gameDate=20250417&gameId=20250417SSLG0
2025-04-17,2025,삼성,LG,away,6,3,잠실,W,completed,20250417SSLG0,https://www.koreabaseball.com/Schedule/GameCenter/Main.aspx?gameDate=20250417&gameId=20250417SSLG0
2025-04-17,2025,롯데,키움,home,7,1,사직,W,completed,20250417WOLT0,https://www.koreabaseball.com/Schedule/GameCenter/Main.aspx?gameDate=20250417&gameId=20250417WOLT0
2025-04-17,2025,키움,롯데,away,1,7,사직,L,completed,20250417WOLT0,https://www.koreabaseball.com/Schedule/GameCenter/Main.aspx?gameDate=20250417&gameId=20250417WOLT0
2025-04-18,2025,KIA,두산,away,1,7,잠실,L,completed,20250418HTOB0,https://www.koreabaseball.com/Schedule/GameCenter/Main.aspx?gameDate=20250418&gameId=20250418HTOB0
2025-04-18,2025,두산,KIA,home,7,1,잠실,W,completed,20250418HTOB0,https://www.koreabaseball.com/Schedule/GameCenter/Main.aspx?gameDate=20250418&gameId=20250418HTOB0
2025-04-18,2025,KT,키움,away,3,4,고척,L,completed,20250418KTWO0,https://www.koreabaseball.com/Schedule/GameCenter/Main.aspx?gameDate=20250418&gameId=20250418KTWO0
2025-04-18,2025,키움,KT,home,4,3,고척,W,completed,20250418KTWO0,https://www.koreabaseball.com/Schedule/GameCenter/Main.aspx?gameDate=20250418&gameId=20250418KTWO0
2025-04-18,2025,LG,SSG,away,5,1,문학,W,completed,20250418LGSK0,https://www.koreabaseball.com/Schedule/GameCenter/Main.aspx?gameDate=20250418&gameId=20250418LGSK0
2025-04-18,2025,SSG,LG,home,1,5,문학,L,completed,20250418LGSK0,https://www.koreabaseball.com/Schedule/GameCenter/Main.aspx?gameDate=20250418&gameId=20250418LGSK0
2025-04-18,2025,롯데,삼성,away,8,1,대구,W,completed,20250418LTSS0,https://www.koreabaseball.com/Schedule/GameCenter/Main.aspx?gameDate=20250418&gameId=20250418LTSS0
2025-04-18,2025,삼성,롯데,home,1,8,대구,L,completed,20250418LTSS0,https://www.koreabaseball.com/Schedule/GameCenter/Main.aspx?gameDate=20250418&gameId=20250418LTSS0
2025-04-18,2025,NC,한화,away,4,12,대전,L,completed,20250418NCHH0,https://www.koreabaseball.com/Schedule/GameCenter/Main.aspx?gameDate=20250418&gameId=20250418NCHH0
2025-04-18,2025,한화,NC,home,12,4,대전,W,completed,20250418NCHH0,https://www.koreabaseball.com/Schedule/GameCenter/Main.aspx?gameDate=20250418&gameId=20250418NCHH0
2025-04-19,2025,KIA,두산,away,8,4,잠실,W,completed,20250419HTOB0,https://www.koreabaseball.com/Schedule/GameCenter/Main.aspx?gameDate=20250419&gameId=20250419HTOB0
2025-04-19,2025,두산,KIA,home,4,8,잠실,L,completed,20250419HTOB0,https://www.koreabaseball.com/Schedule/GameCenter/Main.aspx?gameDate=20250419&gameId=20250419HTOB0
2025-04-19,2025,KT,키움,away,11,1,고척,W,completed,20250419KTWO0,https://www.koreabaseball.com/Schedule/GameCenter/Main.aspx?gameDate=20250419&gameId=20250419KTWO0
2025-04-19,2025,키움,KT,home,1,11,고척,L,completed,20250419KTWO0,https://www.koreabaseball.com/Schedule/GameCenter/Main.aspx?gameDate=20250419&gameId=20250419KTWO0
2025-04-19,2025,LG,SSG,away,11,4,문학,W,completed,20250419LGSK0,https://www.koreabaseball.com/Schedule/GameCenter/Main.aspx?gameDate=20250419&gameId=20250419LGSK0
2025-04-19,2025,SSG,LG,home,4,11,문학,L,completed,20250419LGSK0,https://www.koreabaseball.com/Schedule/GameCenter/Main.aspx?gameDate=20250419&gameId=20250419LGSK0
2025-04-19,2025,롯데,삼성,away,3,10,대구,L,completed,20250419LTSS0,https://www.koreabaseball.com/Schedule/GameCenter/Main.aspx?gameDate=20250419&gameId=20250419LTSS0
2025-04-19,2025,삼성,롯데,home,10,3,대구,W,completed,20250419LTSS0,https://www.koreabaseball.com/Schedule/GameCenter/Main.aspx?gameDate=20250419&gameId=20250419LTSS0
2025-04-19,2025,NC,한화,away,2,7,대전,L,completed,20250419NCHH0,https://www.koreabaseball.com/Schedule/GameCenter/Main.aspx?gameDate=20250419&gameId=20250419NCHH0
2025-04-19,2025,한화,NC,home,7,2,대전,W,completed,20250419NCHH0,https://www.koreabaseball.com/Schedule/GameCenter/Main.aspx?gameDate=20250419&gameId=20250419NCHH0
2025-04-20,2025,KIA,두산,away,6,2,잠실,W,completed,20250420HTOB0,https://www.koreabaseball.com/Schedule/GameCenter/Main.aspx?gameDate=20250420&gameId=20250420HTOB0
2025-04-20,2025,두산,KIA,home,2,6,잠실,L,completed,20250420HTOB0,https://www.koreabaseball.com/Schedule/GameCenter/Main.aspx?gameDate=20250420&gameId=20250420HTOB0
2025-04-20,2025,KT,키움,away,5,0,고척,W,completed,20250420KTWO0,https://www.koreabaseball.com/Schedule/GameCenter/Main.aspx?gameDate=20250420&gameId=20250420KTWO0
2025-04-20,2025,키움,KT,home,0,5,고척,L,completed,20250420KTWO0,https://www.koreabaseball.com/Schedule/GameCenter/Main.aspx?gameDate=20250420&gameId=20250420KTWO0
2025-04-20,2025,LG,SSG,away,3,9,문학,L,completed,20250420LGSK0,https://www.koreabaseball.com/Schedule/GameCenter/Main.aspx?gameDate=20250420&gameId=20250420LGSK0
2025-04-20,2025,SSG,LG,home,9,3,문학,W,completed,20250420LGSK0,https://www.koreabaseball.com/Schedule/GameCenter/Main.aspx?gameDate=20250420&gameId=20250420LGSK0
2025-04-20,2025,롯데,삼성,away,4,3,대구,W,completed,20250420LTSS0,https://www.koreabaseball.com/Schedule/GameCenter/Main.aspx?gameDate=20250420&gameId=20250420LTSS0
2025-04-20,2025,삼성,롯데,home,3,4,대구,L,completed,20250420LTSS0,https://www.koreabaseball.com/Schedule/GameCenter/Main.aspx?gameDate=20250420&gameId=20250420LTSS0
2025-04-20,2025,NC,한화,away,1,7,대전,L,completed,20250420NCHH0,https://www.koreabaseball.com/Schedule/GameCenter/Main.aspx?gameDate=20250420&gameId=20250420NCHH0
2025-04-20,2025,한화,NC,home,7,1,대전,W,completed,20250420NCHH0,https://www.koreabaseball.com/Schedule/GameCenter/Main.aspx?gameDate=20250420&gameId=20250420NCHH0
2025-04-22,2025,KIA,삼성,away,,,대구,,not_completed,2025-04-22_KIA_삼성,https://www.koreabaseball.com/Schedule/Schedule.aspx
2025-04-22,2025,삼성,KIA,home,,,대구,,not_completed,2025-04-22_KIA_삼성,https://www.koreabaseball.com/Schedule/Schedule.aspx
2025-04-22,2025,롯데,한화,home,,,사직,,not_completed,2025-04-22_롯데_한화,https://www.koreabaseball.com/Schedule/Schedule.aspx
2025-04-22,2025,한화,롯데,away,,,사직,,not_completed,2025-04-22_롯데_한화,https://www.koreabaseball.com/Schedule/Schedule.aspx
2025-04-22,2025,LG,NC,home,5,6,잠실,L,completed,20250422NCLG0,https://www.koreabaseball.com/Schedule/GameCenter/Main.aspx?gameDate=20250422&gameId=20250422NCLG0
2025-04-22,2025,NC,LG,away,6,5,잠실,W,completed,20250422NCLG0,https://www.koreabaseball.com/Schedule/GameCenter/Main.aspx?gameDate=20250422&gameId=20250422NCLG0
2025-04-22,2025,두산,키움,away,4,5,고척,L,completed,20250422OBWO0,https://www.koreabaseball.com/Schedule/GameCenter/Main.aspx?gameDate=20250422&gameId=20250422OBWO0
2025-04-22,2025,키움,두산,home,5,4,고척,W,completed,20250422OBWO0,https://www.koreabaseball.com/Schedule/GameCenter/Main.aspx?gameDate=20250422&gameId=20250422OBWO0
2025-04-22,2025,KT,SSG,home,9,3,수원,W,completed,20250422SKKT0,https://www.koreabaseball.com/Schedule/GameCenter/Main.aspx?gameDate=20250422&gameId=20250422SKKT0
2025-04-22,2025,SSG,KT,away,3,9,수원,L,completed,20250422SKKT0,https://www.koreabaseball.com/Schedule/GameCenter/Main.aspx?gameDate=20250422&gameId=20250422SKKT0
2025-04-23,2025,롯데,한화,home,4,6,사직,L,completed,20250423HHLT0,https://www.koreabaseball.com/Schedule/GameCenter/Main.aspx?gameDate=20250423&gameId=20250423HHLT0
2025-04-23,2025,한화,롯데,away,6,4,사직,W,completed,20250423HHLT0,https://www.koreabaseball.com/Schedule/GameCenter/Main.aspx?gameDate=20250423&gameId=20250423HHLT0
2025-04-23,2025,KIA,삼성,away,2,7,대구,L,completed,20250423HTSS0,https://www.koreabaseball.com/Schedule/GameCenter/Main.aspx?gameDate=20250423&gameId=20250423HTSS0
2025-04-23,2025,삼성,KIA,home,7,2,대구,W,completed,20250423HTSS0,https://www.koreabaseball.com/Schedule/GameCenter/Main.aspx?gameDate=20250423&gameId=20250423HTSS0
2025-04-23,2025,LG,NC,home,3,0,잠실,W,completed,20250423NCLG0,https://www.koreabaseball.com/Schedule/GameCenter/Main.aspx?gameDate=20250423&gameId=20250423NCLG0
2025-04-23,2025,NC,LG,away,0,3,잠실,L,completed,20250423NCLG0,https://www.koreabaseball.com/Schedule/GameCenter/Main.aspx?gameDate=20250423&gameId=20250423NCLG0
2025-04-23,2025,두산,키움,away,8,2,고척,W,completed,20250423OBWO0,https://www.koreabaseball.com/Schedule/GameCenter/Main.aspx?gameDate=20250423&gameId=20250423OBWO0
2025-04-23,2025,키움,두산,home,2,8,고척,L,completed,20250423OBWO0,https://www.koreabaseball.com/Schedule/GameCenter/Main.aspx?gameDate=20250423&gameId=20250423OBWO0
2025-04-23,2025,KT,SSG,home,5,11,수원,L,completed,20250423SKKT0,https://www.koreabaseball.com/Schedule/GameCenter/Main.aspx?gameDate=20250423&gameId=20250423SKKT0
2025-04-23,2025,SSG,KT,away,11,5,수원,W,completed,20250423SKKT0,https://www.koreabaseball.com/Schedule/GameCenter/Main.aspx?gameDate=20250423&gameId=20250423SKKT0
2025-04-24,2025,롯데,한화,home,5,3,사직,W,completed,20250424HHLT0,https://www.koreabaseball.com/Schedule/GameCenter/Main.aspx?gameDate=20250424&gameId=20250424HHLT0
2025-04-24,2025,한화,롯데,away,3,5,사직,L,completed,20250424HHLT0,https://www.koreabaseball.com/Schedule/GameCenter/Main.aspx?gameDate=20250424&gameId=20250424HHLT0
2025-04-24,2025,KIA,삼성,away,5,17,대구,L,completed,20250424HTSS0,https://www.koreabaseball.com/Schedule/GameCenter/Main.aspx?gameDate=20250424&gameId=20250424HTSS0
2025-04-24,2025,삼성,KIA,home,17,5,대구,W,completed,20250424HTSS0,https://www.koreabaseball.com/Schedule/GameCenter/Main.aspx?gameDate=20250424&gameId=20250424HTSS0
2025-04-24,2025,LG,NC,home,1,3,잠실,L,completed,20250424NCLG0,https://www.koreabaseball.com/Schedule/GameCenter/Main.aspx?gameDate=20250424&gameId=20250424NCLG0
2025-04-24,2025,NC,LG,away,3,1,잠실,W,completed,20250424NCLG0,https://www.koreabaseball.com/Schedule/GameCenter/Main.aspx?gameDate=20250424&gameId=20250424NCLG0
2025-04-24,2025,두산,키움,away,9,3,고척,W,completed,20250424OBWO0,https://www.koreabaseball.com/Schedule/GameCenter/Main.aspx?gameDate=20250424&gameId=20250424OBWO0
2025-04-24,2025,키움,두산,home,3,9,고척,L,completed,20250424OBWO0,https://www.koreabaseball.com/Schedule/GameCenter/Main.aspx?gameDate=20250424&gameId=20250424OBWO0
2025-04-24,2025,KT,SSG,home,5,6,수원,L,completed,20250424SKKT0,https://www.koreabaseball.com/Schedule/GameCenter/Main.aspx?gameDate=20250424&gameId=20250424SKKT0
2025-04-24,2025,SSG,KT,away,6,5,수원,W,completed,20250424SKKT0,https://www.koreabaseball.com/Schedule/GameCenter/Main.aspx?gameDate=20250424&gameId=20250424SKKT0
2025-04-25,2025,KT,한화,away,2,1,대전,W,completed,20250425KTHH0,https://www.koreabaseball.com/Schedule/GameCenter/Main.aspx?gameDate=20250425&gameId=20250425KTHH0
2025-04-25,2025,한화,KT,home,1,2,대전,L,completed,20250425KTHH0,https://www.koreabaseball.com/Schedule/GameCenter/Main.aspx?gameDate=20250425&gameId=20250425KTHH0
2025-04-25,2025,KIA,LG,home,5,6,광주,L,completed,20250425LGHT0,https://www.koreabaseball.com/Schedule/GameCenter/Main.aspx?gameDate=20250425&gameId=20250425LGHT0
2025-04-25,2025,LG,KIA,away,6,5,광주,W,completed,20250425LGHT0,https://www.koreabaseball.com/Schedule/GameCenter/Main.aspx?gameDate=20250425&gameId=20250425LGHT0
2025-04-25,2025,두산,롯데,home,2,8,잠실,L,completed,20250425LTOB0,https://www.koreabaseball.com/Schedule/GameCenter/Main.aspx?gameDate=20250425&gameId=20250425LTOB0
2025-04-25,2025,롯데,두산,away,8,2,잠실,W,completed,20250425LTOB0,https://www.koreabaseball.com/Schedule/GameCenter/Main.aspx?gameDate=20250425&gameId=20250425LTOB0
2025-04-25,2025,NC,삼성,away,6,10,대구,L,completed,20250425NCSS0,https://www.koreabaseball.com/Schedule/GameCenter/Main.aspx?gameDate=20250425&gameId=20250425NCSS0
2025-04-25,2025,삼성,NC,home,10,6,대구,W,completed,20250425NCSS0,https://www.koreabaseball.com/Schedule/GameCenter/Main.aspx?gameDate=20250425&gameId=20250425NCSS0
2025-04-25,2025,SSG,키움,home,4,3,문학,W,completed,20250425WOSK0,https://www.koreabaseball.com/Schedule/GameCenter/Main.aspx?gameDate=20250425&gameId=20250425WOSK0
2025-04-25,2025,키움,SSG,away,3,4,문학,L,completed,20250425WOSK0,https://www.koreabaseball.com/Schedule/GameCenter/Main.aspx?gameDate=20250425&gameId=20250425WOSK0
2025-04-26,2025,KT,한화,away,1,2,대전,L,completed,20250426KTHH0,https://www.koreabaseball.com/Schedule/GameCenter/Main.aspx?gameDate=20250426&gameId=20250426KTHH0
2025-04-26,2025,한화,KT,home,2,1,대전,W,completed,20250426KTHH0,https://www.koreabaseball.com/Schedule/GameCenter/Main.aspx?gameDate=20250426&gameId=20250426KTHH0
2025-04-26,2025,KIA,LG,home,8,4,광주,W,completed,20250426LGHT0,https://www.koreabaseball.com/Schedule/GameCenter/Main.aspx?gameDate=20250426&gameId=20250426LGHT0
2025-04-26,2025,LG,KIA,away,4,8,광주,L,completed,20250426LGHT0,https://www.koreabaseball.com/Schedule/GameCenter/Main.aspx?gameDate=20250426&gameId=20250426LGHT0
2025-04-26,2025,두산,롯데,home,4,7,잠실,L,completed,20250426LTOB0,https://www.koreabaseball.com/Schedule/GameCenter/Main.aspx?gameDate=20250426&gameId=20250426LTOB0
2025-04-26,2025,롯데,두산,away,7,4,잠실,W,completed,20250426LTOB0,https://www.koreabaseball.com/Schedule/GameCenter/Main.aspx?gameDate=20250426&gameId=20250426LTOB0
2025-04-26,2025,NC,삼성,away,1,9,대구,L,completed,20250426NCSS0,https://www.koreabaseball.com/Schedule/GameCenter/Main.aspx?gameDate=20250426&gameId=20250426NCSS0
2025-04-26,2025,삼성,NC,home,9,1,대구,W,completed,20250426NCSS0,https://www.koreabaseball.com/Schedule/GameCenter/Main.aspx?gameDate=20250426&gameId=20250426NCSS0
2025-04-26,2025,SSG,키움,home,1,2,문학,L,completed,20250426WOSK0,https://www.koreabaseball.com/Schedule/GameCenter/Main.aspx?gameDate=20250426&gameId=20250426WOSK0
2025-04-26,2025,키움,SSG,away,2,1,문학,W,completed,20250426WOSK0,https://www.koreabaseball.com/Schedule/GameCenter/Main.aspx?gameDate=20250426&gameId=20250426WOSK0
2025-04-27,2025,KT,한화,away,3,4,대전,L,completed,20250427KTHH0,https://www.koreabaseball.com/Schedule/GameCenter/Main.aspx?gameDate=20250427&gameId=20250427KTHH0
2025-04-27,2025,한화,KT,home,4,3,대전,W,completed,20250427KTHH0,https://www.koreabaseball.com/Schedule/GameCenter/Main.aspx?gameDate=20250427&gameId=20250427KTHH0
2025-04-27,2025,KIA,LG,home,3,2,광주,W,completed,20250427LGHT0,https://www.koreabaseball.com/Schedule/GameCenter/Main.aspx?gameDate=20250427&gameId=20250427LGHT0
2025-04-27,2025,LG,KIA,away,2,3,광주,L,completed,20250427LGHT0,https://www.koreabaseball.com/Schedule/GameCenter/Main.aspx?gameDate=20250427&gameId=20250427LGHT0
2025-04-27,2025,두산,롯데,home,13,4,잠실,W,completed,20250427LTOB0,https://www.koreabaseball.com/Schedule/GameCenter/Main.aspx?gameDate=20250427&gameId=20250427LTOB0
2025-04-27,2025,롯데,두산,away,4,13,잠실,L,completed,20250427LTOB0,https://www.koreabaseball.com/Schedule/GameCenter/Main.aspx?gameDate=20250427&gameId=20250427LTOB0
2025-04-27,2025,NC,삼성,away,4,8,대구,L,completed,20250427NCSS0,https://www.koreabaseball.com/Schedule/GameCenter/Main.aspx?gameDate=20250427&gameId=20250427NCSS0
2025-04-27,2025,삼성,NC,home,8,4,대구,W,completed,20250427NCSS0,https://www.koreabaseball.com/Schedule/GameCenter/Main.aspx?gameDate=20250427&gameId=20250427NCSS0
2025-04-27,2025,SSG,키움,home,3,7,문학,L,completed,20250427WOSK0,https://www.koreabaseball.com/Schedule/GameCenter/Main.aspx?gameDate=20250427&gameId=20250427WOSK0
2025-04-27,2025,키움,SSG,away,7,3,문학,W,completed,20250427WOSK0,https://www.koreabaseball.com/Schedule/GameCenter/Main.aspx?gameDate=20250427&gameId=20250427WOSK0
2025-04-29,2025,KT,두산,away,3,2,잠실,W,completed,20250429KTOB0,https://www.koreabaseball.com/Schedule/GameCenter/Main.aspx?gameDate=20250429&gameId=20250429KTOB0
2025-04-29,2025,두산,KT,home,2,3,잠실,L,completed,20250429KTOB0,https://www.koreabaseball.com/Schedule/GameCenter/Main.aspx?gameDate=20250429&gameId=20250429KTOB0
2025-04-29,2025,LG,한화,away,2,3,대전,L,completed,20250429LGHH0,https://www.koreabaseball.com/Schedule/GameCenter/Main.aspx?gameDate=20250429&gameId=20250429LGHH0
2025-04-29,2025,한화,LG,home,3,2,대전,W,completed,20250429LGHH0,https://www.koreabaseball.com/Schedule/GameCenter/Main.aspx?gameDate=20250429&gameId=20250429LGHH0
2025-04-29,2025,롯데,키움,away,9,3,고척,W,completed,20250429LTWO0,https://www.koreabaseball.com/Schedule/GameCenter/Main.aspx?gameDate=20250429&gameId=20250429LTWO0
2025-04-29,2025,키움,롯데,home,3,9,고척,L,completed,20250429LTWO0,https://www.koreabaseball.com/Schedule/GameCenter/Main.aspx?gameDate=20250429&gameId=20250429LTWO0
2025-04-29,2025,KIA,NC,home,13,3,광주,W,completed,20250429NCHT0,https://www.koreabaseball.com/Schedule/GameCenter/Main.aspx?gameDate=20250429&gameId=20250429NCHT0
2025-04-29,2025,NC,KIA,away,3,13,광주,L,completed,20250429NCHT0,https://www.koreabaseball.com/Schedule/GameCenter/Main.aspx?gameDate=20250429&gameId=20250429NCHT0
2025-04-29,2025,SSG,삼성,home,1,3,문학,L,completed,20250429SSSK0,https://www.koreabaseball.com/Schedule/GameCenter/Main.aspx?gameDate=20250429&gameId=20250429SSSK0
2025-04-29,2025,삼성,SSG,away,3,1,문학,W,completed,20250429SSSK0,https://www.koreabaseball.com/Schedule/GameCenter/Main.aspx?gameDate=20250429&gameId=20250429SSSK0
2025-04-30,2025,KT,두산,away,8,3,잠실,W,completed,20250430KTOB0,https://www.koreabaseball.com/Schedule/GameCenter/Main.aspx?gameDate=20250430&gameId=20250430KTOB0
2025-04-30,2025,두산,KT,home,3,8,잠실,L,completed,20250430KTOB0,https://www.koreabaseball.com/Schedule/GameCenter/Main.aspx?gameDate=20250430&gameId=20250430KTOB0
2025-04-30,2025,LG,한화,away,2,5,대전,L,completed,20250430LGHH0,https://www.koreabaseball.com/Schedule/GameCenter/Main.aspx?gameDate=20250430&gameId=20250430LGHH0
2025-04-30,2025,한화,LG,home,5,2,대전,W,completed,20250430LGHH0,https://www.koreabaseball.com/Schedule/GameCenter/Main.aspx?gameDate=20250430&gameId=20250430LGHH0
2025-04-30,2025,롯데,키움,away,10,9,고척,W,completed,20250430LTWO0,https://www.koreabaseball.com/Schedule/GameCenter/Main.aspx?gameDate=20250430&gameId=20250430LTWO0
2025-04-30,2025,키움,롯데,home,9,10,고척,L,completed,20250430LTWO0,https://www.koreabaseball.com/Schedule/GameCenter/Main.aspx?gameDate=20250430&gameId=20250430LTWO0
2025-04-30,2025,KIA,NC,home,0,7,광주,L,completed,20250430NCHT0,https://www.koreabaseball.com/Schedule/GameCenter/Main.aspx?gameDate=20250430&gameId=20250430NCHT0
2025-04-30,2025,NC,KIA,away,7,0,광주,W,completed,20250430NCHT0,https://www.koreabaseball.com/Schedule/GameCenter/Main.aspx?gameDate=20250430&gameId=20250430NCHT0
2025-04-30,2025,SSG,삼성,home,6,6,문학,D,completed,20250430SSSK0,https://www.koreabaseball.com/Schedule/GameCenter/Main.aspx?gameDate=20250430&gameId=20250430SSSK0
2025-04-30,2025,삼성,SSG,away,6,6,문학,D,completed,20250430SSSK0,https://www.koreabaseball.com/Schedule/GameCenter/Main.aspx?gameDate=20250430&gameId=20250430SSSK0
2025-05-01,2025,KIA,NC,home,,,광주,,not_completed,2025-05-01_KIA_NC,https://www.koreabaseball.com/Schedule/Schedule.aspx
2025-05-01,2025,NC,KIA,away,,,광주,,not_completed,2025-05-01_KIA_NC,https://www.koreabaseball.com/Schedule/Schedule.aspx
2025-05-01,2025,LG,한화,away,,,대전,,not_completed,2025-05-01_LG_한화,https://www.koreabaseball.com/Schedule/Schedule.aspx
2025-05-01,2025,한화,LG,home,,,대전,,not_completed,2025-05-01_LG_한화,https://www.koreabaseball.com/Schedule/Schedule.aspx
2025-05-01,2025,KT,두산,away,3,3,잠실,D,completed,20250501KTOB0,https://www.koreabaseball.com/Schedule/GameCenter/Main.aspx?gameDate=20250501&gameId=20250501KTOB0
2025-05-01,2025,두산,KT,home,3,3,잠실,D,completed,20250501KTOB0,https://www.koreabaseball.com/Schedule/GameCenter/Main.aspx?gameDate=20250501&gameId=20250501KTOB0
2025-05-01,2025,롯데,키움,away,5,0,고척,W,completed,20250501LTWO0,https://www.koreabaseball.com/Schedule/GameCenter/Main.aspx?gameDate=20250501&gameId=20250501LTWO0
2025-05-01,2025,키움,롯데,home,0,5,고척,L,completed,20250501LTWO0,https://www.koreabaseball.com/Schedule/GameCenter/Main.aspx?gameDate=20250501&gameId=20250501LTWO0
2025-05-01,2025,SSG,삼성,home,4,1,문학,W,completed,20250501SSSK0,https://www.koreabaseball.com/Schedule/GameCenter/Main.aspx?gameDate=20250501&gameId=20250501SSSK0
2025-05-01,2025,삼성,SSG,away,1,4,문학,L,completed,20250501SSSK0,https://www.koreabaseball.com/Schedule/GameCenter/Main.aspx?gameDate=20250501&gameId=20250501SSSK0
2025-05-02,2025,KIA,한화,home,2,3,광주,L,completed,20250502HHHT0,https://www.koreabaseball.com/Schedule/GameCenter/Main.aspx?gameDate=20250502&gameId=20250502HHHT0
2025-05-02,2025,한화,KIA,away,3,2,광주,W,completed,20250502HHHT0,https://www.koreabaseball.com/Schedule/GameCenter/Main.aspx?gameDate=20250502&gameId=20250502HHHT0
2025-05-02,2025,NC,롯데,away,3,4,사직,L,completed,20250502NCLT0,https://www.koreabaseball.com/Schedule/GameCenter/Main.aspx?gameDate=20250502&gameId=20250502NCLT0
2025-05-02,2025,롯데,NC,home,4,3,사직,W,completed,20250502NCLT0,https://www.koreabaseball.com/Schedule/GameCenter/Main.aspx?gameDate=20250502&gameId=20250502NCLT0
2025-05-02,2025,두산,삼성,away,2,6,대구,L,completed,20250502OBSS0,https://www.koreabaseball.com/Schedule/GameCenter/Main.aspx?gameDate=20250502&gameId=20250502OBSS0
2025-05-02,2025,삼성,두산,home,6,2,대구,W,completed,20250502OBSS0,https://www.koreabaseball.com/Schedule/GameCenter/Main.aspx?gameDate=20250502&gameId=20250502OBSS0
2025-05-02,2025,LG,SSG,home,1,2,잠실,L,completed,20250502SKLG0,https://www.koreabaseball.com/Schedule/GameCenter/Main.aspx?gameDate=20250502&gameId=20250502SKLG0
2025-05-02,2025,SSG,LG,away,2,1,잠실,W,completed,20250502SKLG0,https://www.koreabaseball.com/Schedule/GameCenter/Main.aspx?gameDate=20250502&gameId=20250502SKLG0
2025-05-02,2025,KT,키움,home,3,5,수원,L,completed,20250502WOKT0,https://www.koreabaseball.com/Schedule/GameCenter/Main.aspx?gameDate=20250502&gameId=20250502WOKT0
2025-05-02,2025,키움,KT,away,5,3,수원,W,completed,20250502WOKT0,https://www.koreabaseball.com/Schedule/GameCenter/Main.aspx?gameDate=20250502&gameId=20250502WOKT0
2025-05-03,2025,KIA,한화,home,,,광주,,not_completed,2025-05-03_KIA_한화,https://www.koreabaseball.com/Schedule/Schedule.aspx
2025-05-03,2025,한화,KIA,away,,,광주,,not_completed,2025-05-03_KIA_한화,https://www.koreabaseball.com/Schedule/Schedule.aspx
2025-05-03,2025,NC,롯데,away,13,4,사직,W,completed,20250503NCLT0,https://www.koreabaseball.com/Schedule/GameCenter/Main.aspx?gameDate=20250503&gameId=20250503NCLT0
2025-05-03,2025,롯데,NC,home,4,13,사직,L,completed,20250503NCLT0,https://www.koreabaseball.com/Schedule/GameCenter/Main.aspx?gameDate=20250503&gameId=20250503NCLT0
2025-05-03,2025,두산,삼성,away,6,1,대구,W,completed,20250503OBSS0,https://www.koreabaseball.com/Schedule/GameCenter/Main.aspx?gameDate=20250503&gameId=20250503OBSS0
2025-05-03,2025,삼성,두산,home,1,6,대구,L,completed,20250503OBSS0,https://www.koreabaseball.com/Schedule/GameCenter/Main.aspx?gameDate=20250503&gameId=20250503OBSS0
2025-05-03,2025,LG,SSG,home,4,1,잠실,W,completed,20250503SKLG0,https://www.koreabaseball.com/Schedule/GameCenter/Main.aspx?gameDate=20250503&gameId=20250503SKLG0
2025-05-03,2025,SSG,LG,away,1,4,잠실,L,completed,20250503SKLG0,https://www.koreabaseball.com/Schedule/GameCenter/Main.aspx?gameDate=20250503&gameId=20250503SKLG0
2025-05-03,2025,KT,키움,home,9,0,수원,W,completed,20250503WOKT0,https://www.koreabaseball.com/Schedule/GameCenter/Main.aspx?gameDate=20250503&gameId=20250503WOKT0
2025-05-03,2025,키움,KT,away,0,9,수원,L,completed,20250503WOKT0,https://www.koreabaseball.com/Schedule/GameCenter/Main.aspx?gameDate=20250503&gameId=20250503WOKT0
2025-05-04,2025,KIA,한화,home,1,3,광주,L,completed,20250504HHHT0,https://www.koreabaseball.com/Schedule/GameCenter/Main.aspx?gameDate=20250504&gameId=20250504HHHT0
2025-05-04,2025,한화,KIA,away,3,1,광주,W,completed,20250504HHHT0,https://www.koreabaseball.com/Schedule/GameCenter/Main.aspx?gameDate=20250504&gameId=20250504HHHT0
2025-05-04,2025,NC,롯데,away,9,6,사직,W,completed,20250504NCLT0,https://www.koreabaseball.com/Schedule/GameCenter/Main.aspx?gameDate=20250504&gameId=20250504NCLT0
2025-05-04,2025,롯데,NC,home,6,9,사직,L,completed,20250504NCLT0,https://www.koreabaseball.com/Schedule/GameCenter/Main.aspx?gameDate=20250504&gameId=20250504NCLT0
2025-05-04,2025,두산,삼성,away,11,6,대구,W,completed,20250504OBSS0,https://www.koreabaseball.com/Schedule/GameCenter/Main.aspx?gameDate=20250504&gameId=20250504OBSS0
2025-05-04,2025,삼성,두산,home,6,11,대구,L,completed,20250504OBSS0,https://www.koreabaseball.com/Schedule/GameCenter/Main.aspx?gameDate=20250504&gameId=20250504OBSS0
2025-05-04,2025,LG,SSG,home,12,4,잠실,W,completed,20250504SKLG0,https://www.koreabaseball.com/Schedule/GameCenter/Main.aspx?gameDate=20250504&gameId=20250504SKLG0
2025-05-04,2025,SSG,LG,away,4,12,잠실,L,completed,20250504SKLG0,https://www.koreabaseball.com/Schedule/GameCenter/Main.aspx?gameDate=20250504&gameId=20250504SKLG0
2025-05-04,2025,KT,키움,home,5,4,수원,W,completed,20250504WOKT0,https://www.koreabaseball.com/Schedule/GameCenter/Main.aspx?gameDate=20250504&gameId=20250504WOKT0
2025-05-04,2025,키움,KT,away,4,5,수원,L,completed,20250504WOKT0,https://www.koreabaseball.com/Schedule/GameCenter/Main.aspx?gameDate=20250504&gameId=20250504WOKT0
2025-05-05,2025,KIA,키움,away,13,1,고척,W,completed,20250505HTWO0,https://www.koreabaseball.com/Schedule/GameCenter/Main.aspx?gameDate=20250505&gameId=20250505HTWO0
2025-05-05,2025,키움,KIA,home,1,13,고척,L,completed,20250505HTWO0,https://www.koreabaseball.com/Schedule/GameCenter/Main.aspx?gameDate=20250505&gameId=20250505HTWO0
2025-05-05,2025,LG,두산,away,2,5,잠실,L,completed,20250505LGOB0,https://www.koreabaseball.com/Schedule/GameCenter/Main.aspx?gameDate=20250505&gameId=20250505LGOB0
2025-05-05,2025,두산,LG,home,5,2,잠실,W,completed,20250505LGOB0,https://www.koreabaseball.com/Schedule/GameCenter/Main.aspx?gameDate=20250505&gameId=20250505LGOB0
2025-05-05,2025,KT,NC,home,2,6,수원,L,completed,20250505NCKT0,https://www.koreabaseball.com/Schedule/GameCenter/Main.aspx?gameDate=20250505&gameId=20250505NCKT0
2025-05-05,2025,NC,KT,away,6,2,수원,W,completed,20250505NCKT0,https://www.koreabaseball.com/Schedule/GameCenter/Main.aspx?gameDate=20250505&gameId=20250505NCKT0
2025-05-05,2025,SSG,롯데,away,7,1,사직,W,completed,20250505SKLT0,https://www.koreabaseball.com/Schedule/GameCenter/Main.aspx?gameDate=20250505&gameId=20250505SKLT0
2025-05-05,2025,롯데,SSG,home,1,7,사직,L,completed,20250505SKLT0,https://www.koreabaseball.com/Schedule/GameCenter/Main.aspx?gameDate=20250505&gameId=20250505SKLT0
2025-05-05,2025,삼성,한화,away,1,3,대전,L,completed,20250505SSHH0,https://www.koreabaseball.com/Schedule/GameCenter/Main.aspx?gameDate=20250505&gameId=20250505SSHH0
2025-05-05,2025,한화,삼성,home,3,1,대전,W,completed,20250505SSHH0,https://www.koreabaseball.com/Schedule/GameCenter/Main.aspx?gameDate=20250505&gameId=20250505SSHH0
2025-05-06,2025,KIA,키움,away,5,3,고척,W,completed,20250506HTWO0,https://www.koreabaseball.com/Schedule/GameCenter/Main.aspx?gameDate=20250506&gameId=20250506HTWO0
2025-05-06,2025,키움,KIA,home,3,5,고척,L,completed,20250506HTWO0,https://www.koreabaseball.com/Schedule/GameCenter/Main.aspx?gameDate=20250506&gameId=20250506HTWO0
2025-05-06,2025,LG,두산,away,5,1,잠실,W,completed,20250506LGOB0,https://www.koreabaseball.com/Schedule/GameCenter/Main.aspx?gameDate=20250506&gameId=20250506LGOB0
2025-05-06,2025,두산,LG,home,1,5,잠실,L,completed,20250506LGOB0,https://www.koreabaseball.com/Schedule/GameCenter/Main.aspx?gameDate=20250506&gameId=20250506LGOB0
2025-05-06,2025,KT,NC,home,3,6,수원,L,completed,20250506NCKT0,https://www.koreabaseball.com/Schedule/GameCenter/Main.aspx?gameDate=20250506&gameId=20250506NCKT0
2025-05-06,2025,NC,KT,away,6,3,수원,W,completed,20250506NCKT0,https://www.koreabaseball.com/Schedule/GameCenter/Main.aspx?gameDate=20250506&gameId=20250506NCKT0
2025-05-06,2025,SSG,롯데,away,0,6,사직,L,completed,20250506SKLT0,https://www.koreabaseball.com/Schedule/GameCenter/Main.aspx?gameDate=20250506&gameId=20250506SKLT0
2025-05-06,2025,롯데,SSG,home,6,0,사직,W,completed,20250506SKLT0,https://www.koreabaseball.com/Schedule/GameCenter/Main.aspx?gameDate=20250506&gameId=20250506SKLT0
2025-05-06,2025,삼성,한화,away,1,3,대전,L,completed,20250506SSHH0,https://www.koreabaseball.com/Schedule/GameCenter/Main.aspx?gameDate=20250506&gameId=20250506SSHH0
2025-05-06,2025,한화,삼성,home,3,1,대전,W,completed,20250506SSHH0,https://www.koreabaseball.com/Schedule/GameCenter/Main.aspx?gameDate=20250506&gameId=20250506SSHH0
2025-05-07,2025,KIA,키움,away,10,11,고척,L,completed,20250507HTWO0,https://www.koreabaseball.com/Schedule/GameCenter/Main.aspx?gameDate=20250507&gameId=20250507HTWO0
2025-05-07,2025,키움,KIA,home,11,10,고척,W,completed,20250507HTWO0,https://www.koreabaseball.com/Schedule/GameCenter/Main.aspx?gameDate=20250507&gameId=20250507HTWO0
2025-05-07,2025,LG,두산,away,2,5,잠실,L,completed,20250507LGOB0,https://www.koreabaseball.com/Schedule/GameCenter/Main.aspx?gameDate=20250507&gameId=20250507LGOB0
2025-05-07,2025,두산,LG,home,5,2,잠실,W,completed,20250507LGOB0,https://www.koreabaseball.com/Schedule/GameCenter/Main.aspx?gameDate=20250507&gameId=20250507LGOB0
2025-05-07,2025,KT,NC,home,2,12,수원,L,completed,20250507NCKT0,https://www.koreabaseball.com/Schedule/GameCenter/Main.aspx?gameDate=20250507&gameId=20250507NCKT0
2025-05-07,2025,NC,KT,away,12,2,수원,W,completed,20250507NCKT0,https://www.koreabaseball.com/Schedule/GameCenter/Main.aspx?gameDate=20250507&gameId=20250507NCKT0
2025-05-07,2025,SSG,롯데,away,2,6,사직,L,completed,20250507SKLT0,https://www.koreabaseball.com/Schedule/GameCenter/Main.aspx?gameDate=20250507&gameId=20250507SKLT0
2025-05-07,2025,롯데,SSG,home,6,2,사직,W,completed,20250507SKLT0,https://www.koreabaseball.com/Schedule/GameCenter/Main.aspx?gameDate=20250507&gameId=20250507SKLT0
2025-05-07,2025,삼성,한화,away,6,10,대전,L,completed,20250507SSHH0,https://www.koreabaseball.com/Schedule/GameCenter/Main.aspx?gameDate=20250507&gameId=20250507SSHH0
2025-05-07,2025,한화,삼성,home,10,6,대전,W,completed,20250507SSHH0,https://www.koreabaseball.com/Schedule/GameCenter/Main.aspx?gameDate=20250507&gameId=20250507SSHH0
2025-05-09,2025,KIA,SSG,away,,,문학,,not_completed,2025-05-09_KIA_SSG,https://www.koreabaseball.com/Schedule/Schedule.aspx
2025-05-09,2025,SSG,KIA,home,,,문학,,not_completed,2025-05-09_KIA_SSG,https://www.koreabaseball.com/Schedule/Schedule.aspx
2025-05-09,2025,KT,롯데,home,,,수원,,not_completed,2025-05-09_KT_롯데,https://www.koreabaseball.com/Schedule/Schedule.aspx
2025-05-09,2025,롯데,KT,away,,,수원,,not_completed,2025-05-09_KT_롯데,https://www.koreabaseball.com/Schedule/Schedule.aspx
2025-05-09,2025,LG,삼성,away,,,대구,,not_completed,2025-05-09_LG_삼성,https://www.koreabaseball.com/Schedule/Schedule.aspx
2025-05-09,2025,삼성,LG,home,,,대구,,not_completed,2025-05-09_LG_삼성,https://www.koreabaseball.com/Schedule/Schedule.aspx
2025-05-09,2025,NC,두산,away,,,잠실,,not_completed,2025-05-09_NC_두산,https://www.koreabaseball.com/Schedule/Schedule.aspx
2025-05-09,2025,두산,NC,home,,,잠실,,not_completed,2025-05-09_NC_두산,https://www.koreabaseball.com/Schedule/Schedule.aspx
2025-05-09,2025,키움,한화,home,5,7,고척,L,completed,20250509HHWO0,https://www.koreabaseball.com/Schedule/GameCenter/Main.aspx?gameDate=20250509&gameId=20250509HHWO0
2025-05-09,2025,한화,키움,away,7,5,고척,W,completed,20250509HHWO0,https://www.koreabaseball.com/Schedule/GameCenter/Main.aspx?gameDate=20250509&gameId=20250509HHWO0
2025-05-10,2025,KIA,SSG,away,,,문학,,not_completed,2025-05-10_KIA_SSG,https://www.koreabaseball.com/Schedule/Schedule.aspx
2025-05-10,2025,SSG,KIA,home,,,문학,,not_completed,2025-05-10_KIA_SSG,https://www.koreabaseball.com/Schedule/Schedule.aspx
2025-05-10,2025,KT,롯데,home,,,수원,,not_completed,2025-05-10_KT_롯데,https://www.koreabaseball.com/Schedule/Schedule.aspx
2025-05-10,2025,롯데,KT,away,,,수원,,not_completed,2025-05-10_KT_롯데,https://www.koreabaseball.com/Schedule/Schedule.aspx
2025-05-10,2025,NC,두산,away,,,잠실,,not_completed,2025-05-10_NC_두산,https://www.koreabaseball.com/Schedule/Schedule.aspx
2025-05-10,2025,두산,NC,home,,,잠실,,not_completed,2025-05-10_NC_두산,https://www.koreabaseball.com/Schedule/Schedule.aspx
2025-05-10,2025,키움,한화,home,1,9,고척,L,completed,20250510HHWO0,https://www.koreabaseball.com/Schedule/GameCenter/Main.aspx?gameDate=20250510&gameId=20250510HHWO0
2025-05-10,2025,한화,키움,away,9,1,고척,W,completed,20250510HHWO0,https://www.koreabaseball.com/Schedule/GameCenter/Main.aspx?gameDate=20250510&gameId=20250510HHWO0
2025-05-10,2025,KIA,SSG,away,5,4,문학,W,completed,20250510HTSK0,https://www.koreabaseball.com/Schedule/GameCenter/Main.aspx?gameDate=20250510&gameId=20250510HTSK0
2025-05-10,2025,SSG,KIA,home,4,5,문학,L,completed,20250510HTSK0,https://www.koreabaseball.com/Schedule/GameCenter/Main.aspx?gameDate=20250510&gameId=20250510HTSK0
2025-05-10,2025,LG,삼성,away,5,4,대구,W,completed,20250510LGSS1,https://www.koreabaseball.com/Schedule/GameCenter/Main.aspx?gameDate=20250510&gameId=20250510LGSS1
2025-05-10,2025,삼성,LG,home,4,5,대구,L,completed,20250510LGSS1,https://www.koreabaseball.com/Schedule/GameCenter/Main.aspx?gameDate=20250510&gameId=20250510LGSS1
2025-05-10,2025,LG,삼성,away,4,1,대구,W,completed,20250510LGSS2,https://www.koreabaseball.com/Schedule/GameCenter/Main.aspx?gameDate=20250510&gameId=20250510LGSS2
2025-05-10,2025,삼성,LG,home,1,4,대구,L,completed,20250510LGSS2,https://www.koreabaseball.com/Schedule/GameCenter/Main.aspx?gameDate=20250510&gameId=20250510LGSS2
2025-05-10,2025,KT,롯데,home,5,8,수원,L,completed,20250510LTKT0,https://www.koreabaseball.com/Schedule/GameCenter/Main.aspx?gameDate=20250510&gameId=20250510LTKT0
2025-05-10,2025,롯데,KT,away,8,5,수원,W,completed,20250510LTKT0,https://www.koreabaseball.com/Schedule/GameCenter/Main.aspx?gameDate=20250510&gameId=20250510LTKT0
2025-05-10,2025,NC,두산,away,6,6,잠실,D,completed,20250510NCOB0,https://www.koreabaseball.com/Schedule/GameCenter/Main.aspx?gameDate=20250510&gameId=20250510NCOB0
2025-05-10,2025,두산,NC,home,6,6,잠실,D,completed,20250510NCOB0,https://www.koreabaseball.com/Schedule/GameCenter/Main.aspx?gameDate=20250510&gameId=20250510NCOB0
2025-05-11,2025,키움,한화,home,0,8,고척,L,completed,20250511HHWO0,https://www.koreabaseball.com/Schedule/GameCenter/Main.aspx?gameDate=20250511&gameId=20250511HHWO0
2025-05-11,2025,한화,키움,away,8,0,고척,W,completed,20250511HHWO0,https://www.koreabaseball.com/Schedule/GameCenter/Main.aspx?gameDate=20250511&gameId=20250511HHWO0
2025-05-11,2025,KIA,SSG,away,4,8,문학,L,completed,20250511HTSK1,https://www.koreabaseball.com/Schedule/GameCenter/Main.aspx?gameDate=20250511&gameId=20250511HTSK1
2025-05-11,2025,SSG,KIA,home,8,4,문학,W,completed,20250511HTSK1,https://www.koreabaseball.com/Schedule/GameCenter/Main.aspx?gameDate=20250511&gameId=20250511HTSK1
2025-05-11,2025,KIA,SSG,away,1,5,문학,L,completed,20250511HTSK2,https://www.koreabaseball.com/Schedule/GameCenter/Main.aspx?gameDate=20250511&gameId=20250511HTSK2
2025-05-11,2025,SSG,KIA,home,5,1,문학,W,completed,20250511HTSK2,https://www.koreabaseball.com/Schedule/GameCenter/Main.aspx?gameDate=20250511&gameId=20250511HTSK2
2025-05-11,2025,LG,삼성,away,7,4,대구,W,completed,20250511LGSS0,https://www.koreabaseball.com/Schedule/GameCenter/Main.aspx?gameDate=20250511&gameId=20250511LGSS0
2025-05-11,2025,삼성,LG,home,4,7,대구,L,completed,20250511LGSS0,https://www.koreabaseball.com/Schedule/GameCenter/Main.aspx?gameDate=20250511&gameId=20250511LGSS0
2025-05-11,2025,KT,롯데,home,1,6,수원,L,completed,20250511LTKT1,https://www.koreabaseball.com/Schedule/GameCenter/Main.aspx?gameDate=20250511&gameId=20250511LTKT1
2025-05-11,2025,롯데,KT,away,6,1,수원,W,completed,20250511LTKT1,https://www.koreabaseball.com/Schedule/GameCenter/Main.aspx?gameDate=20250511&gameId=20250511LTKT1
2025-05-11,2025,KT,롯데,home,1,1,수원,D,completed,20250511LTKT2,https://www.koreabaseball.com/Schedule/GameCenter/Main.aspx?gameDate=20250511&gameId=20250511LTKT2
2025-05-11,2025,롯데,KT,away,1,1,수원,D,completed,20250511LTKT2,https://www.koreabaseball.com/Schedule/GameCenter/Main.aspx?gameDate=20250511&gameId=20250511LTKT2
2025-05-11,2025,NC,두산,away,11,5,잠실,W,completed,20250511NCOB1,https://www.koreabaseball.com/Schedule/GameCenter/Main.aspx?gameDate=20250511&gameId=20250511NCOB1
2025-05-11,2025,두산,NC,home,5,11,잠실,L,completed,20250511NCOB1,https://www.koreabaseball.com/Schedule/GameCenter/Main.aspx?gameDate=20250511&gameId=20250511NCOB1
2025-05-11,2025,NC,두산,away,5,2,잠실,W,completed,20250511NCOB2,https://www.koreabaseball.com/Schedule/GameCenter/Main.aspx?gameDate=20250511&gameId=20250511NCOB2
2025-05-11,2025,두산,NC,home,2,5,잠실,L,completed,20250511NCOB2,https://www.koreabaseball.com/Schedule/GameCenter/Main.aspx?gameDate=20250511&gameId=20250511NCOB2
2025-05-13,2025,KT,삼성,away,3,5,포항,L,completed,20250513KTSS0,https://www.koreabaseball.com/Schedule/GameCenter/Main.aspx?gameDate=20250513&gameId=20250513KTSS0
2025-05-13,2025,삼성,KT,home,5,3,포항,W,completed,20250513KTSS0,https://www.koreabaseball.com/Schedule/GameCenter/Main.aspx?gameDate=20250513&gameId=20250513KTSS0
2025-05-13,2025,KIA,롯데,home,4,1,광주,W,completed,20250513LTHT0,https://www.koreabaseball.com/Schedule/GameCenter/Main.aspx?gameDate=20250513&gameId=20250513LTHT0
2025-05-13,2025,롯데,KIA,away,1,4,광주,L,completed,20250513LTHT0,https://www.koreabaseball.com/Schedule/GameCenter/Main.aspx?gameDate=20250513&gameId=20250513LTHT0
2025-05-13,2025,NC,SSG,away,3,6,문학,L,completed,20250513NCSK0,https://www.koreabaseball.com/Schedule/GameCenter/Main.aspx?gameDate=20250513&gameId=20250513NCSK0
2025-05-13,2025,SSG,NC,home,6,3,문학,W,completed,20250513NCSK0,https://www.koreabaseball.com/Schedule/GameCenter/Main.aspx?gameDate=20250513&gameId=20250513NCSK0
2025-05-13,2025,두산,한화,away,4,3,대전,W,completed,20250513OBHH0,https://www.koreabaseball.com/Schedule/GameCenter/Main.aspx?gameDate=20250513&gameId=20250513OBHH0
2025-05-13,2025,한화,두산,home,3,4,대전,L,completed,20250513OBHH0,https://www.koreabaseball.com/Schedule/GameCenter/Main.aspx?gameDate=20250513&gameId=20250513OBHH0
2025-05-13,2025,LG,키움,home,9,6,잠실,W,completed,20250513WOLG0,https://www.koreabaseball.com/Schedule/GameCenter/Main.aspx?gameDate=20250513&gameId=20250513WOLG0
2025-05-13,2025,키움,LG,away,6,9,잠실,L,completed,20250513WOLG0,https://www.koreabaseball.com/Schedule/GameCenter/Main.aspx?gameDate=20250513&gameId=20250513WOLG0
2025-05-14,2025,KT,삼성,away,3,2,포항,W,completed,20250514KTSS0,https://www.koreabaseball.com/Schedule/GameCenter/Main.aspx?gameDate=20250514&gameId=20250514KTSS0
2025-05-14,2025,삼성,KT,home,2,3,포항,L,completed,20250514KTSS0,https://www.koreabaseball.com/Schedule/GameCenter/Main.aspx?gameDate=20250514&gameId=20250514KTSS0
2025-05-14,2025,KIA,롯데,home,0,4,광주,L,completed,20250514LTHT0,https://www.koreabaseball.com/Schedule/GameCenter/Main.aspx?gameDate=20250514&gameId=20250514LTHT0
2025-05-14,2025,롯데,KIA,away,4,0,광주,W,completed,20250514LTHT0,https://www.koreabaseball.com/Schedule/GameCenter/Main.aspx?gameDate=20250514&gameId=20250514LTHT0
2025-05-14,2025,NC,SSG,away,6,3,문학,W,completed,20250514NCSK0,https://www.koreabaseball.com/Schedule/GameCenter/Main.aspx?gameDate=20250514&gameId=20250514NCSK0
2025-05-14,2025,SSG,NC,home,3,6,문학,L,completed,20250514NCSK0,https://www.koreabaseball.com/Schedule/GameCenter/Main.aspx?gameDate=20250514&gameId=20250514NCSK0
2025-05-14,2025,두산,한화,away,7,1,대전,W,completed,20250514OBHH0,https://www.koreabaseball.com/Schedule/GameCenter/Main.aspx?gameDate=20250514&gameId=20250514OBHH0
2025-05-14,2025,한화,두산,home,1,7,대전,L,completed,20250514OBHH0,https://www.koreabaseball.com/Schedule/GameCenter/Main.aspx?gameDate=20250514&gameId=20250514OBHH0
2025-05-14,2025,LG,키움,home,12,0,잠실,W,completed,20250514WOLG0,https://www.koreabaseball.com/Schedule/GameCenter/Main.aspx?gameDate=20250514&gameId=20250514WOLG0
2025-05-14,2025,키움,LG,away,0,12,잠실,L,completed,20250514WOLG0,https://www.koreabaseball.com/Schedule/GameCenter/Main.aspx?gameDate=20250514&gameId=20250514WOLG0
2025-05-15,2025,KT,삼성,away,0,13,포항,L,completed,20250515KTSS0,https://www.koreabaseball.com/Schedule/GameCenter/Main.aspx?gameDate=20250515&gameId=20250515KTSS0
2025-05-15,2025,삼성,KT,home,13,0,포항,W,completed,20250515KTSS0,https://www.koreabaseball.com/Schedule/GameCenter/Main.aspx?gameDate=20250515&gameId=20250515KTSS0
2025-05-15,2025,KIA,롯데,home,7,6,광주,W,completed,20250515LTHT0,https://www.koreabaseball.com/Schedule/GameCenter/Main.aspx?gameDate=20250515&gameId=20250515LTHT0
2025-05-15,2025,롯데,KIA,away,6,7,광주,L,completed,20250515LTHT0,https://www.koreabaseball.com/Schedule/GameCenter/Main.aspx?gameDate=20250515&gameId=20250515LTHT0
2025-05-15,2025,NC,SSG,away,0,4,문학,L,completed,20250515NCSK0,https://www.koreabaseball.com/Schedule/GameCenter/Main.aspx?gameDate=20250515&gameId=20250515NCSK0
2025-05-15,2025,SSG,NC,home,4,0,문학,W,completed,20250515NCSK0,https://www.koreabaseball.com/Schedule/GameCenter/Main.aspx?gameDate=20250515&gameId=20250515NCSK0
2025-05-15,2025,두산,한화,away,8,2,대전,W,completed,20250515OBHH0,https://www.koreabaseball.com/Schedule/GameCenter/Main.aspx?gameDate=20250515&gameId=20250515OBHH0
2025-05-15,2025,한화,두산,home,2,8,대전,L,completed,20250515OBHH0,https://www.koreabaseball.com/Schedule/GameCenter/Main.aspx?gameDate=20250515&gameId=20250515OBHH0
2025-05-15,2025,LG,키움,home,6,2,잠실,W,completed,20250515WOLG0,https://www.koreabaseball.com/Schedule/GameCenter/Main.aspx?gameDate=20250515&gameId=20250515WOLG0
2025-05-15,2025,키움,LG,away,2,6,잠실,L,completed,20250515WOLG0,https://www.koreabaseball.com/Schedule/GameCenter/Main.aspx?gameDate=20250515&gameId=20250515WOLG0
2025-05-16,2025,KIA,두산,home,,,광주,,not_completed,2025-05-16_KIA_두산,https://www.koreabaseball.com/Schedule/Schedule.aspx
2025-05-16,2025,두산,KIA,away,,,광주,,not_completed,2025-05-16_KIA_두산,https://www.koreabaseball.com/Schedule/Schedule.aspx
2025-05-16,2025,KT,LG,away,,,잠실,,not_completed,2025-05-16_KT_LG,https://www.koreabaseball.com/Schedule/Schedule.aspx
2025-05-16,2025,LG,KT,home,,,잠실,,not_completed,2025-05-16_KT_LG,https://www.koreabaseball.com/Schedule/Schedule.aspx
2025-05-16,2025,NC,키움,home,,,울산,,not_completed,2025-05-16_NC_키움,https://www.koreabaseball.com/Schedule/Schedule.aspx
2025-05-16,2025,키움,NC,away,,,울산,,not_completed,2025-05-16_NC_키움,https://www.koreabaseball.com/Schedule/Schedule.aspx
2025-05-16,2025,SSG,한화,away,,,대전,,not_completed,2025-05-16_SSG_한화,https://www.koreabaseball.com/Schedule/Schedule.aspx
2025-05-16,2025,한화,SSG,home,,,대전,,not_completed,2025-05-16_SSG_한화,https://www.koreabaseball.com/Schedule/Schedule.aspx
2025-05-16,2025,롯데,삼성,home,,,사직,,not_completed,2025-05-16_롯데_삼성,https://www.koreabaseball.com/Schedule/Schedule.aspx
2025-05-16,2025,삼성,롯데,away,,,사직,,not_completed,2025-05-16_롯데_삼성,https://www.koreabaseball.com/Schedule/Schedule.aspx
2025-05-17,2025,KT,LG,away,12,4,잠실,W,completed,20250517KTLG1,https://www.koreabaseball.com/Schedule/GameCenter/Main.aspx?gameDate=20250517&gameId=20250517KTLG1
2025-05-17,2025,LG,KT,home,4,12,잠실,L,completed,20250517KTLG1,https://www.koreabaseball.com/Schedule/GameCenter/Main.aspx?gameDate=20250517&gameId=20250517KTLG1
2025-05-17,2025,KT,LG,away,7,6,잠실,W,completed,20250517KTLG2,https://www.koreabaseball.com/Schedule/GameCenter/Main.aspx?gameDate=20250517&gameId=20250517KTLG2
2025-05-17,2025,LG,KT,home,6,7,잠실,L,completed,20250517KTLG2,https://www.koreabaseball.com/Schedule/GameCenter/Main.aspx?gameDate=20250517&gameId=20250517KTLG2
2025-05-17,2025,KIA,두산,home,5,2,광주,W,completed,20250517OBHT1,https://www.koreabaseball.com/Schedule/GameCenter/Main.aspx?gameDate=20250517&gameId=20250517OBHT1
2025-05-17,2025,두산,KIA,away,2,5,광주,L,completed,20250517OBHT1,https://www.koreabaseball.com/Schedule/GameCenter/Main.aspx?gameDate=20250517&gameId=20250517OBHT1
2025-05-17,2025,KIA,두산,home,4,1,광주,W,completed,20250517OBHT2,https://www.koreabaseball.com/Schedule/GameCenter/Main.aspx?gameDate=20250517&gameId=20250517OBHT2
2025-05-17,2025,두산,KIA,away,1,4,광주,L,completed,20250517OBHT2,https://www.koreabaseball.com/Schedule/GameCenter/Main.aspx?gameDate=20250517&gameId=20250517OBHT2
2025-05-17,2025,SSG,한화,away,0,1,대전,L,completed,20250517SKHH1,https://www.koreabaseball.com/Schedule/GameCenter/Main.aspx?gameDate=20250517&gameId=20250517SKHH1
2025-05-17,2025,한화,SSG,home,1,0,대전,W,completed,20250517SKHH1,https://www.koreabaseball.com/Schedule/GameCenter/Main.aspx?gameDate=20250517&gameId=20250517SKHH1
2025-05-17,2025,SSG,한화,away,5,2,대전,W,completed,20250517SKHH2,https://www.koreabaseball.com/Schedule/GameCenter/Main.aspx?gameDate=20250517&gameId=20250517SKHH2
2025-05-17,2025,한화,SSG,home,2,5,대전,L,completed,20250517SKHH2,https://www.koreabaseball.com/Schedule/GameCenter/Main.aspx?gameDate=20250517&gameId=20250517SKHH2
2025-05-17,2025,롯데,삼성,home,7,5,사직,W,completed,20250517SSLT1,https://www.koreabaseball.com/Schedule/GameCenter/Main.aspx?gameDate=20250517&gameId=20250517SSLT1
2025-05-17,2025,삼성,롯데,away,5,7,사직,L,completed,20250517SSLT1,https://www.koreabaseball.com/Schedule/GameCenter/Main.aspx?gameDate=20250517&gameId=20250517SSLT1
2025-05-17,2025,롯데,삼성,home,8,7,사직,W,completed,20250517SSLT2,https://www.koreabaseball.com/Schedule/GameCenter/Main.aspx?gameDate=20250517&gameId=20250517SSLT2
2025-05-17,2025,삼성,롯데,away,7,8,사직,L,completed,20250517SSLT2,https://www.koreabaseball.com/Schedule/GameCenter/Main.aspx?gameDate=20250517&gameId=20250517SSLT2
2025-05-17,2025,NC,키움,home,3,2,울산,W,completed,20250517WONC1,https://www.koreabaseball.com/Schedule/GameCenter/Main.aspx?gameDate=20250517&gameId=20250517WONC1
2025-05-17,2025,키움,NC,away,2,3,울산,L,completed,20250517WONC1,https://www.koreabaseball.com/Schedule/GameCenter/Main.aspx?gameDate=20250517&gameId=20250517WONC1
2025-05-17,2025,NC,키움,home,2,3,울산,L,completed,20250517WONC2,https://www.koreabaseball.com/Schedule/GameCenter/Main.aspx?gameDate=20250517&gameId=20250517WONC2
2025-05-17,2025,키움,NC,away,3,2,울산,W,completed,20250517WONC2,https://www.koreabaseball.com/Schedule/GameCenter/Main.aspx?gameDate=20250517&gameId=20250517WONC2
2025-05-18,2025,KT,LG,away,1,5,잠실,L,completed,20250518KTLG0,https://www.koreabaseball.com/Schedule/GameCenter/Main.aspx?gameDate=20250518&gameId=20250518KTLG0
2025-05-18,2025,LG,KT,home,5,1,잠실,W,completed,20250518KTLG0,https://www.koreabaseball.com/Schedule/GameCenter/Main.aspx?gameDate=20250518&gameId=20250518KTLG0
2025-05-18,2025,KIA,두산,home,5,4,광주,W,completed,20250518OBHT0,https://www.koreabaseball.com/Schedule/GameCenter/Main.aspx?gameDate=20250518&gameId=20250518OBHT0
2025-05-18,2025,두산,KIA,away,4,5,광주,L,completed,20250518OBHT0,https://www.koreabaseball.com/Schedule/GameCenter/Main.aspx?gameDate=20250518&gameId=20250518OBHT0
2025-05-18,2025,SSG,한화,away,7,3,대전,W,completed,20250518SKHH0,https://www.koreabaseball.com/Schedule/GameCenter/Main.aspx?gameDate=20250518&gameId=20250518SKHH0
2025-05-18,2025,한화,SSG,home,3,7,대전,L,completed,20250518SKHH0,https://www.koreabaseball.com/Schedule/GameCenter/Main.aspx?gameDate=20250518&gameId=20250518SKHH0
2025-05-18,2025,롯데,삼성,home,6,3,사직,W,completed,20250518SSLT0,https://www.koreabaseball.com/Schedule/GameCenter/Main.aspx?gameDate=20250518&gameId=20250518SSLT0
2025-05-18,2025,삼성,롯데,away,3,6,사직,L,completed,20250518SSLT0,https://www.koreabaseball.com/Schedule/GameCenter/Main.aspx?gameDate=20250518&gameId=20250518SSLT0
2025-05-18,2025,NC,키움,home,5,0,울산,W,completed,20250518WONC0,https://www.koreabaseball.com/Schedule/GameCenter/Main.aspx?gameDate=20250518&gameId=20250518WONC0
2025-05-18,2025,키움,NC,away,0,5,울산,L,completed,20250518WONC0,https://www.koreabaseball.com/Schedule/GameCenter/Main.aspx?gameDate=20250518&gameId=20250518WONC0
2025-05-20,2025,NC,한화,home,1,4,울산,L,completed,20250520HHNC0,https://www.koreabaseball.com/Schedule/GameCenter/Main.aspx?gameDate=20250520&gameId=20250520HHNC0
2025-05-20,2025,한화,NC,away,4,1,울산,W,completed,20250520HHNC0,https://www.koreabaseball.com/Schedule/GameCenter/Main.aspx?gameDate=20250520&gameId=20250520HHNC0
2025-05-20,2025,KIA,KT,away,3,5,수원,L,completed,20250520HTKT0,https://www.koreabaseball.com/Schedule/GameCenter/Main.aspx?gameDate=20250520&gameId=20250520HTKT0
2025-05-20,2025,KT,KIA,home,5,3,수원,W,completed,20250520HTKT0,https://www.koreabaseball.com/Schedule/GameCenter/Main.aspx?gameDate=20250520&gameId=20250520HTKT0
2025-05-20,2025,LG,롯데,away,17,9,사직,W,completed,20250520LGLT0,https://www.koreabaseball.com/Schedule/GameCenter/Main.aspx?gameDate=20250520&gameId=20250520LGLT0
2025-05-20,2025,롯데,LG,home,9,17,사직,L,completed,20250520LGLT0,https://www.koreabaseball.com/Schedule/GameCenter/Main.aspx?gameDate=20250520&gameId=20250520LGLT0
2025-05-20,2025,SSG,두산,away,5,3,잠실,W,completed,20250520SKOB0,https://www.koreabaseball.com/Schedule/GameCenter/Main.aspx?gameDate=20250520&gameId=20250520SKOB0
2025-05-20,2025,두산,SSG,home,3,5,잠실,L,completed,20250520SKOB0,https://www.koreabaseball.com/Schedule/GameCenter/Main.aspx?gameDate=20250520&gameId=20250520SKOB0
2025-05-20,2025,삼성,키움,away,6,3,고척,W,completed,20250520SSWO0,https://www.koreabaseball.com/Schedule/GameCenter/Main.aspx?gameDate=20250520&gameId=20250520SSWO0
2025-05-20,2025,키움,삼성,home,3,6,고척,L,completed,20250520SSWO0,https://www.koreabaseball.com/Schedule/GameCenter/Main.aspx?gameDate=20250520&gameId=20250520SSWO0
2025-05-21,2025,NC,한화,home,5,2,울산,W,completed,20250521HHNC0,https://www.koreabaseball.com/Schedule/GameCenter/Main.aspx?gameDate=20250521&gameId=20250521HHNC0
2025-05-21,2025,한화,NC,away,2,5,울산,L,completed,20250521HHNC0,https://www.koreabaseball.com/Schedule/GameCenter/Main.aspx?gameDate=20250521&gameId=20250521HHNC0
2025-05-21,2025,KIA,KT,away,1,3,수원,L,completed,20250521HTKT0,https://www.koreabaseball.com/Schedule/GameCenter/Main.aspx?gameDate=20250521&gameId=20250521HTKT0
2025-05-21,2025,KT,KIA,home,3,1,수원,W,completed,20250521HTKT0,https://www.koreabaseball.com/Schedule/GameCenter/Main.aspx?gameDate=20250521&gameId=20250521HTKT0
2025-05-21,2025,LG,롯데,away,7,7,사직,D,completed,20250521LGLT0,https://www.koreabaseball.com/Schedule/GameCenter/Main.aspx?gameDate=20250521&gameId=20250521LGLT0
2025-05-21,2025,롯데,LG,home,7,7,사직,D,completed,20250521LGLT0,https://www.koreabaseball.com/Schedule/GameCenter/Main.aspx?gameDate=20250521&gameId=20250521LGLT0
2025-05-21,2025,SSG,두산,away,9,1,잠실,W,completed,20250521SKOB0,https://www.koreabaseball.com/Schedule/GameCenter/Main.aspx?gameDate=20250521&gameId=20250521SKOB0
2025-05-21,2025,두산,SSG,home,1,9,잠실,L,completed,20250521SKOB0,https://www.koreabaseball.com/Schedule/GameCenter/Main.aspx?gameDate=20250521&gameId=20250521SKOB0
2025-05-21,2025,삼성,키움,away,6,1,고척,W,completed,20250521SSWO0,https://www.koreabaseball.com/Schedule/GameCenter/Main.aspx?gameDate=20250521&gameId=20250521SSWO0
2025-05-21,2025,키움,삼성,home,1,6,고척,L,completed,20250521SSWO0,https://www.koreabaseball.com/Schedule/GameCenter/Main.aspx?gameDate=20250521&gameId=20250521SSWO0
2025-05-22,2025,NC,한화,home,4,3,울산,W,completed,20250522HHNC0,https://www.koreabaseball.com/Schedule/GameCenter/Main.aspx?gameDate=20250522&gameId=20250522HHNC0
2025-05-22,2025,한화,NC,away,3,4,울산,L,completed,20250522HHNC0,https://www.koreabaseball.com/Schedule/GameCenter/Main.aspx?gameDate=20250522&gameId=20250522HHNC0
2025-05-22,2025,KIA,KT,away,8,3,수원,W,completed,20250522HTKT0,https://www.koreabaseball.com/Schedule/GameCenter/Main.aspx?gameDate=20250522&gameId=20250522HTKT0
2025-05-22,2025,KT,KIA,home,3,8,수원,L,completed,20250522HTKT0,https://www.koreabaseball.com/Schedule/GameCenter/Main.aspx?gameDate=20250522&gameId=20250522HTKT0
2025-05-22,2025,LG,롯데,away,4,11,사직,L,completed,20250522LGLT0,https://www.koreabaseball.com/Schedule/GameCenter/Main.aspx?gameDate=20250522&gameId=20250522LGLT0
2025-05-22,2025,롯데,LG,home,11,4,사직,W,completed,20250522LGLT0,https://www.koreabaseball.com/Schedule/GameCenter/Main.aspx?gameDate=20250522&gameId=20250522LGLT0
2025-05-22,2025,SSG,두산,away,5,6,잠실,L,completed,20250522SKOB0,https://www.koreabaseball.com/Schedule/GameCenter/Main.aspx?gameDate=20250522&gameId=20250522SKOB0
2025-05-22,2025,두산,SSG,home,6,5,잠실,W,completed,20250522SKOB0,https://www.koreabaseball.com/Schedule/GameCenter/Main.aspx?gameDate=20250522&gameId=20250522SKOB0
2025-05-22,2025,삼성,키움,away,2,0,고척,W,completed,20250522SSWO0,https://www.koreabaseball.com/Schedule/GameCenter/Main.aspx?gameDate=20250522&gameId=20250522SSWO0
2025-05-22,2025,키움,삼성,home,0,2,고척,L,completed,20250522SSWO0,https://www.koreabaseball.com/Schedule/GameCenter/Main.aspx?gameDate=20250522&gameId=20250522SSWO0
2025-05-23,2025,KIA,삼성,away,7,6,대구,W,completed,20250523HTSS0,https://www.koreabaseball.com/Schedule/GameCenter/Main.aspx?gameDate=20250523&gameId=20250523HTSS0
2025-05-23,2025,삼성,KIA,home,6,7,대구,L,completed,20250523HTSS0,https://www.koreabaseball.com/Schedule/GameCenter/Main.aspx?gameDate=20250523&gameId=20250523HTSS0
2025-05-23,2025,KT,키움,away,7,5,고척,W,completed,20250523KTWO0,https://www.koreabaseball.com/Schedule/GameCenter/Main.aspx?gameDate=20250523&gameId=20250523KTWO0
2025-05-23,2025,키움,KT,home,5,7,고척,L,completed,20250523KTWO0,https://www.koreabaseball.com/Schedule/GameCenter/Main.aspx?gameDate=20250523&gameId=20250523KTWO0
2025-05-23,2025,LG,SSG,away,3,2,문학,W,completed,20250523LGSK0,https://www.koreabaseball.com/Schedule/GameCenter/Main.aspx?gameDate=20250523&gameId=20250523LGSK0
2025-05-23,2025,SSG,LG,home,2,3,문학,L,completed,20250523LGSK0,https://www.koreabaseball.com/Schedule/GameCenter/Main.aspx?gameDate=20250523&gameId=20250523LGSK0
2025-05-23,2025,롯데,한화,away,2,4,대전,L,completed,20250523LTHH0,https://www.koreabaseball.com/Schedule/GameCenter/Main.aspx?gameDate=20250523&gameId=20250523LTHH0
2025-05-23,2025,한화,롯데,home,4,2,대전,W,completed,20250523LTHH0,https://www.koreabaseball.com/Schedule/GameCenter/Main.aspx?gameDate=20250523&gameId=20250523LTHH0
2025-05-23,2025,NC,두산,away,1,1,잠실,D,completed,20250523NCOB0,https://www.koreabaseball.com/Schedule/GameCenter/Main.aspx?gameDate=20250523&gameId=20250523NCOB0
2025-05-23,2025,두산,NC,home,1,1,잠실,D,completed,20250523NCOB0,https://www.koreabaseball.com/Schedule/GameCenter/Main.aspx?gameDate=20250523&gameId=20250523NCOB0
2025-05-24,2025,KIA,삼성,away,4,8,대구,L,completed,20250524HTSS0,https://www.koreabaseball.com/Schedule/GameCenter/Main.aspx?gameDate=20250524&gameId=20250524HTSS0
2025-05-24,2025,삼성,KIA,home,8,4,대구,W,completed,20250524HTSS0,https://www.koreabaseball.com/Schedule/GameCenter/Main.aspx?gameDate=20250524&gameId=20250524HTSS0
2025-05-24,2025,KT,키움,away,10,4,고척,W,completed,20250524KTWO0,https://www.koreabaseball.com/Schedule/GameCenter/Main.aspx?gameDate=20250524&gameId=20250524KTWO0
2025-05-24,2025,키움,KT,home,4,10,고척,L,completed,20250524KTWO0,https://www.koreabaseball.com/Schedule/GameCenter/Main.aspx?gameDate=20250524&gameId=20250524KTWO0
2025-05-24,2025,LG,SSG,away,4,5,문학,L,completed,20250524LGSK0,https://www.koreabaseball.com/Schedule/GameCenter/Main.aspx?gameDate=20250524&gameId=20250524LGSK0
2025-05-24,2025,SSG,LG,home,5,4,문학,W,completed,20250524LGSK0,https://www.koreabaseball.com/Schedule/GameCenter/Main.aspx?gameDate=20250524&gameId=20250524LGSK0
2025-05-24,2025,롯데,한화,away,8,6,대전,W,completed,20250524LTHH0,https://www.koreabaseball.com/Schedule/GameCenter/Main.aspx?gameDate=20250524&gameId=20250524LTHH0
2025-05-24,2025,한화,롯데,home,6,8,대전,L,completed,20250524LTHH0,https://www.koreabaseball.com/Schedule/GameCenter/Main.aspx?gameDate=20250524&gameId=20250524LTHH0
2025-05-24,2025,NC,두산,away,5,1,잠실,W,completed,20250524NCOB0,https://www.koreabaseball.com/Schedule/GameCenter/Main.aspx?gameDate=20250524&gameId=20250524NCOB0
2025-05-24,2025,두산,NC,home,1,5,잠실,L,completed,20250524NCOB0,https://www.koreabaseball.com/Schedule/GameCenter/Main.aspx?gameDate=20250524&gameId=20250524NCOB0
2025-05-25,2025,KIA,삼성,away,2,3,대구,L,completed,20250525HTSS0,https://www.koreabaseball.com/Schedule/GameCenter/Main.aspx?gameDate=20250525&gameId=20250525HTSS0
2025-05-25,2025,삼성,KIA,home,3,2,대구,W,completed,20250525HTSS0,https://www.koreabaseball.com/Schedule/GameCenter/Main.aspx?gameDate=20250525&gameId=20250525HTSS0
2025-05-25,2025,KT,키움,away,2,0,고척,W,completed,20250525KTWO0,https://www.koreabaseball.com/Schedule/GameCenter/Main.aspx?gameDate=20250525&gameId=20250525KTWO0
2025-05-25,2025,키움,KT,home,0,2,고척,L,completed,20250525KTWO0,https://www.koreabaseball.com/Schedule/GameCenter/Main.aspx?gameDate=20250525&gameId=20250525KTWO0
2025-05-25,2025,LG,SSG,away,9,3,문학,W,completed,20250525LGSK0,https://www.koreabaseball.com/Schedule/GameCenter/Main.aspx?gameDate=20250525&gameId=20250525LGSK0
2025-05-25,2025,SSG,LG,home,3,9,문학,L,completed,20250525LGSK0,https://www.koreabaseball.com/Schedule/GameCenter/Main.aspx?gameDate=20250525&gameId=20250525LGSK0
2025-05-25,2025,롯데,한화,away,7,8,대전,L,completed,20250525LTHH0,https://www.koreabaseball.com/Schedule/GameCenter/Main.aspx?gameDate=20250525&gameId=20250525LTHH0
2025-05-25,2025,한화,롯데,home,8,7,대전,W,completed,20250525LTHH0,https://www.koreabaseball.com/Schedule/GameCenter/Main.aspx?gameDate=20250525&gameId=20250525LTHH0
2025-05-25,2025,NC,두산,away,3,5,잠실,L,completed,20250525NCOB0,https://www.koreabaseball.com/Schedule/GameCenter/Main.aspx?gameDate=20250525&gameId=20250525NCOB0
2025-05-25,2025,두산,NC,home,5,3,잠실,W,completed,20250525NCOB0,https://www.koreabaseball.com/Schedule/GameCenter/Main.aspx?gameDate=20250525&gameId=20250525NCOB0
2025-05-27,2025,LG,한화,home,2,1,잠실,W,completed,20250527HHLG0,https://www.koreabaseball.com/Schedule/GameCenter/Main.aspx?gameDate=20250527&gameId=20250527HHLG0
2025-05-27,2025,한화,LG,away,1,2,잠실,L,completed,20250527HHLG0,https://www.koreabaseball.com/Schedule/GameCenter/Main.aspx?gameDate=20250527&gameId=20250527HHLG0
2025-05-27,2025,롯데,삼성,away,3,7,대구,L,completed,20250527LTSS0,https://www.koreabaseball.com/Schedule/GameCenter/Main.aspx?gameDate=20250527&gameId=20250527LTSS0
2025-05-27,2025,삼성,롯데,home,7,3,대구,W,completed,20250527LTSS0,https://www.koreabaseball.com/Schedule/GameCenter/Main.aspx?gameDate=20250527&gameId=20250527LTSS0
2025-05-27,2025,NC,SSG,away,1,1,문학,D,completed,20250527NCSK0,https://www.koreabaseball.com/Schedule/GameCenter/Main.aspx?gameDate=20250527&gameId=20250527NCSK0
2025-05-27,2025,SSG,NC,home,1,1,문학,D,completed,20250527NCSK0,https://www.koreabaseball.com/Schedule/GameCenter/Main.aspx?gameDate=20250527&gameId=20250527NCSK0
2025-05-27,2025,KT,두산,home,2,1,수원,W,completed,20250527OBKT0,https://www.koreabaseball.com/Schedule/GameCenter/Main.aspx?gameDate=20250527&gameId=20250527OBKT0
2025-05-27,2025,두산,KT,away,1,2,수원,L,completed,20250527OBKT0,https://www.koreabaseball.com/Schedule/GameCenter/Main.aspx?gameDate=20250527&gameId=20250527OBKT0
2025-05-27,2025,KIA,키움,home,7,5,광주,W,completed,20250527WOHT0,https://www.koreabaseball.com/Schedule/GameCenter/Main.aspx?gameDate=20250527&gameId=20250527WOHT0
2025-05-27,2025,키움,KIA,away,5,7,광주,L,completed,20250527WOHT0,https://www.koreabaseball.com/Schedule/GameCenter/Main.aspx?gameDate=20250527&gameId=20250527WOHT0
2025-05-28,2025,롯데,삼성,away,,,대구,,not_completed,2025-05-28_롯데_삼성,https://www.koreabaseball.com/Schedule/Schedule.aspx
2025-05-28,2025,삼성,롯데,home,,,대구,,not_completed,2025-05-28_롯데_삼성,https://www.koreabaseball.com/Schedule/Schedule.aspx
2025-05-28,2025,LG,한화,home,5,6,잠실,L,completed,20250528HHLG0,https://www.koreabaseball.com/Schedule/GameCenter/Main.aspx?gameDate=20250528&gameId=20250528HHLG0
2025-05-28,2025,한화,LG,away,6,5,잠실,W,completed,20250528HHLG0,https://www.koreabaseball.com/Schedule/GameCenter/Main.aspx?gameDate=20250528&gameId=20250528HHLG0
2025-05-28,2025,NC,SSG,away,5,13,문학,L,completed,20250528NCSK0,https://www.koreabaseball.com/Schedule/GameCenter/Main.aspx?gameDate=20250528&gameId=20250528NCSK0
2025-05-28,2025,SSG,NC,home,13,5,문학,W,completed,20250528NCSK0,https://www.koreabaseball.com/Schedule/GameCenter/Main.aspx?gameDate=20250528&gameId=20250528NCSK0
2025-05-28,2025,KT,두산,home,3,12,수원,L,completed,20250528OBKT0,https://www.koreabaseball.com/Schedule/GameCenter/Main.aspx?gameDate=20250528&gameId=20250528OBKT0
2025-05-28,2025,두산,KT,away,12,3,수원,W,completed,20250528OBKT0,https://www.koreabaseball.com/Schedule/GameCenter/Main.aspx?gameDate=20250528&gameId=20250528OBKT0
2025-05-28,2025,KIA,키움,home,13,7,광주,W,completed,20250528WOHT0,https://www.koreabaseball.com/Schedule/GameCenter/Main.aspx?gameDate=20250528&gameId=20250528WOHT0
2025-05-28,2025,키움,KIA,away,7,13,광주,L,completed,20250528WOHT0,https://www.koreabaseball.com/Schedule/GameCenter/Main.aspx?gameDate=20250528&gameId=20250528WOHT0
2025-05-29,2025,LG,한화,home,3,1,잠실,W,completed,20250529HHLG0,https://www.koreabaseball.com/Schedule/GameCenter/Main.aspx?gameDate=20250529&gameId=20250529HHLG0
2025-05-29,2025,한화,LG,away,1,3,잠실,L,completed,20250529HHLG0,https://www.koreabaseball.com/Schedule/GameCenter/Main.aspx?gameDate=20250529&gameId=20250529HHLG0
2025-05-29,2025,롯데,삼성,away,3,9,대구,L,completed,20250529LTSS0,https://www.koreabaseball.com/Schedule/GameCenter/Main.aspx?gameDate=20250529&gameId=20250529LTSS0
2025-05-29,2025,삼성,롯데,home,9,3,대구,W,completed,20250529LTSS0,https://www.koreabaseball.com/Schedule/GameCenter/Main.aspx?gameDate=20250529&gameId=20250529LTSS0
2025-05-29,2025,NC,SSG,away,5,6,문학,L,completed,20250529NCSK0,https://www.koreabaseball.com/Schedule/GameCenter/Main.aspx?gameDate=20250529&gameId=20250529NCSK0
2025-05-29,2025,SSG,NC,home,6,5,문학,W,completed,20250529NCSK0,https://www.koreabaseball.com/Schedule/GameCenter/Main.aspx?gameDate=20250529&gameId=20250529NCSK0
2025-05-29,2025,KT,두산,home,12,2,수원,W,completed,20250529OBKT0,https://www.koreabaseball.com/Schedule/GameCenter/Main.aspx?gameDate=20250529&gameId=20250529OBKT0
2025-05-29,2025,두산,KT,away,2,12,수원,L,completed,20250529OBKT0,https://www.koreabaseball.com/Schedule/GameCenter/Main.aspx?gameDate=20250529&gameId=20250529OBKT0
2025-05-29,2025,KIA,키움,home,3,3,광주,D,completed,20250529WOHT0,https://www.koreabaseball.com/Schedule/GameCenter/Main.aspx?gameDate=20250529&gameId=20250529WOHT0
2025-05-29,2025,키움,KIA,away,3,3,광주,D,completed,20250529WOHT0,https://www.koreabaseball.com/Schedule/GameCenter/Main.aspx?gameDate=20250529&gameId=20250529WOHT0
2025-05-30,2025,NC,한화,home,1,7,창원,L,completed,20250530HHNC0,https://www.koreabaseball.com/Schedule/GameCenter/Main.aspx?gameDate=20250530&gameId=20250530HHNC0
2025-05-30,2025,한화,NC,away,7,1,창원,W,completed,20250530HHNC0,https://www.koreabaseball.com/Schedule/GameCenter/Main.aspx?gameDate=20250530&gameId=20250530HHNC0
2025-05-30,2025,KIA,KT,away,1,3,수원,L,completed,20250530HTKT0,https://www.koreabaseball.com/Schedule/GameCenter/Main.aspx?gameDate=20250530&gameId=20250530HTKT0
2025-05-30,2025,KT,KIA,home,3,1,수원,W,completed,20250530HTKT0,https://www.koreabaseball.com/Schedule/GameCenter/Main.aspx?gameDate=20250530&gameId=20250530HTKT0
2025-05-30,2025,두산,키움,away,9,4,고척,W,completed,20250530OBWO0,https://www.koreabaseball.com/Schedule/GameCenter/Main.aspx?gameDate=20250530&gameId=20250530OBWO0
2025-05-30,2025,키움,두산,home,4,9,고척,L,completed,20250530OBWO0,https://www.koreabaseball.com/Schedule/GameCenter/Main.aspx?gameDate=20250530&gameId=20250530OBWO0
2025-05-30,2025,SSG,롯데,away,5,6,사직,L,completed,20250530SKLT0,https://www.koreabaseball.com/Schedule/GameCenter/Main.aspx?gameDate=20250530&gameId=20250530SKLT0
2025-05-30,2025,롯데,SSG,home,6,5,사직,W,completed,20250530SKLT0,https://www.koreabaseball.com/Schedule/GameCenter/Main.aspx?gameDate=20250530&gameId=20250530SKLT0
2025-05-30,2025,LG,삼성,home,3,4,잠실,L,completed,20250530SSLG0,https://www.koreabaseball.com/Schedule/GameCenter/Main.aspx?gameDate=20250530&gameId=20250530SSLG0
2025-05-30,2025,삼성,LG,away,4,3,잠실,W,completed,20250530SSLG0,https://www.koreabaseball.com/Schedule/GameCenter/Main.aspx?gameDate=20250530&gameId=20250530SSLG0
2025-05-31,2025,NC,한화,home,6,9,창원,L,completed,20250531HHNC0,https://www.koreabaseball.com/Schedule/GameCenter/Main.aspx?gameDate=20250531&gameId=20250531HHNC0
2025-05-31,2025,한화,NC,away,9,6,창원,W,completed,20250531HHNC0,https://www.koreabaseball.com/Schedule/GameCenter/Main.aspx?gameDate=20250531&gameId=20250531HHNC0
2025-05-31,2025,KIA,KT,away,1,5,수원,L,completed,20250531HTKT0,https://www.koreabaseball.com/Schedule/GameCenter/Main.aspx?gameDate=20250531&gameId=20250531HTKT0
2025-05-31,2025,KT,KIA,home,5,1,수원,W,completed,20250531HTKT0,https://www.koreabaseball.com/Schedule/GameCenter/Main.aspx?gameDate=20250531&gameId=20250531HTKT0
2025-05-31,2025,두산,키움,away,0,1,고척,L,completed,20250531OBWO0,https://www.koreabaseball.com/Schedule/GameCenter/Main.aspx?gameDate=20250531&gameId=20250531OBWO0
2025-05-31,2025,키움,두산,home,1,0,고척,W,completed,20250531OBWO0,https://www.koreabaseball.com/Schedule/GameCenter/Main.aspx?gameDate=20250531&gameId=20250531OBWO0
2025-05-31,2025,SSG,롯데,away,4,1,사직,W,completed,20250531SKLT0,https://www.koreabaseball.com/Schedule/GameCenter/Main.aspx?gameDate=20250531&gameId=20250531SKLT0
2025-05-31,2025,롯데,SSG,home,1,4,사직,L,completed,20250531SKLT0,https://www.koreabaseball.com/Schedule/GameCenter/Main.aspx?gameDate=20250531&gameId=20250531SKLT0
2025-05-31,2025,LG,삼성,home,2,4,잠실,L,completed,20250531SSLG0,https://www.koreabaseball.com/Schedule/GameCenter/Main.aspx?gameDate=20250531&gameId=20250531SSLG0
2025-05-31,2025,삼성,LG,away,4,2,잠실,W,completed,20250531SSLG0,https://www.koreabaseball.com/Schedule/GameCenter/Main.aspx?gameDate=20250531&gameId=20250531SSLG0
